0;0;0;1.283809E-05
0;0;0;9.528769E-06
0;0;0;7.679427E-06
0;0;0;2.11226E-05
0;0;0;1.364195E-05
0;0;0;1.406894E-05
-0.05;0.0161301;0;0.0346464
-0.2;0.2048448;0;0.08840024
-0.35;0.3888021;0;0.3278608
-0.5500001;0.6201271;0;0.821247
-0.7;0.8127102;0;1.297606
-0.9000002;1;0;2.177939
-1;1;0;2.861758
-1;1;0;3.761174
-1;1;0;4.435091
-1;1;0;5.325295
-1;1;0;5.987831
0;1;0;6.781783
0;1;0;7.409438
0;1;0;8.310231
0;1;0;8.985549
0;1;0;9.880216
0;1;0;10.54664
0;1;0;11.52816
0;1;0;11.8383
-0.15;1;0;12.97582
0;1;0;13.6804
0;1;0;14.50155
0;1;0;15.00329
0;1;0;15.88156
-0.15;1;0;16.56672
-0.35;1;0;17.34258
0;1;0;17.93898
0;1;0;18.76669
-0.15;1;0;19.58041
-0.3;1;0;20.15634
0;1;0;20.93123
0;1;0;21.53875
0;1;0;22.33168
-0.15;1;0;22.90935
-0.35;1;0;23.63797
-0.5000001;1;0;24.1312
0;1;0;24.83386
0;1;0;25.39935
-0.15;1;0;26.15924
-0.3;1;0;26.69831
0;1;0;27.42153
0;1;0;27.97953
0;1;0;28.72081
-0.15;1;0;29.26766
-0.35;1;0;29.93583
-0.5000001;1;0;30.14705
0;1;0;30.17087
0;1;0;30.18404
0;1;0;30.18913
0;1;0;30.19003
-0.2;1;0;30.18301
-0.35;1;0;30.1664
0;1;0;30.18781
0;1;0;30.18969
0;1;0;30.19071
-0.1;1;0;30.18866
-0.25;1;0;30.17642
0;1;0;30.18994
0;1;0;30.18973
0;1;0;30.1902
-0.15;1;0;30.18592
-0.35;1;0;30.16525
0;1;0;30.17999
0;1;0;30.18883
0;1;0;30.18987
0;1;0;30.19038
-0.1;1;0;30.18875
0;1;0;30.19006
0;1;0;30.19079
-0.1;1;0;30.18822
0;1;0;30.19093
0;1;0;30.19015
-0.2;1;0;30.18142
0;1;0;30.19058
0;1;0;30.19
-0.05;1;0;30.19003
-0.2;1;0;30.1813
-0.4;1;0;30.15899
0;1;0;30.189
0;1;0;30.18983
0;1;0;30.19002
0;1;0;30.19028
0;1;0;30.19033
-0.1;1;0;30.18799
-0.25;1;0;30.17513
0;1;0;30.18894
0;1;0;30.19004
0;1;0;30.19025
-0.1;1;0;30.18838
-0.25;1;0;30.17587
0;1;0;30.18955
0;1;0;30.18957
0;1;0;30.19016
-0.05;1;0;30.18983
-0.2;1;0;30.18101
0;1;0;30.19074
0;1;0;30.19016
0;1;0;30.19028
-0.15;1;0;30.18514
0;1;0;30.18638
0;1;0;30.19001
0;1;0;30.19029
-0.05;1;0;30.18991
-0.25;1;0;30.17536
0;1;0;30.19061
0;1;0;30.19006
0;1;0;30.1904
0;1;0;30.19029
-0.15;1;0;30.18496
0;1;0;30.1903
0;1;0;30.19028
-0.05;1;0;30.18986
-0.25;1;0;30.17536
0;1;0;30.18319
0;1;0;30.18954
0;1;0;30.19012
0;1;0;30.19025
-0.15;1;0;30.18506
-0.35;1;0;30.16452
0;1;0;30.18827
0;1;0;30.18954
0;1;0;30.1902
-0.2;1;0;30.1815
-0.35;1;0;30.16495
0;1;0;30.18759
0;1;0;30.18985
0;1;0;30.1902
-0.15;1;0;30.1857
-0.3;1;0;30.17089
0;1;0;30.18988
0;1;0;30.19015
0;1;0;30.1897
-0.05;1;0;30.18995
-0.25;1;0;30.17553
0;1;0;30.1838
0;1;0;30.18958
0;1;0;30.19013
0;1;0;30.19027
-0.05;1;0;30.1899
-0.2;1;0;30.18065
0;1;0;30.18941
0;1;0;30.19019
0;1;0;30.19029
-0.1;1;0;30.18815
-0.25;1;0;30.17549
0;1;0;30.1815
0;1;0;30.18871
0;1;0;30.18999
0;1;0;30.19022
0;1;0;30.19014
-0.15;1;0;30.185
0;1;0;30.18496
0;1;0;30.18989
0;1;0;30.19018
0;1;0;30.19028
0;1;0;30.19031
0;1;0;30.19028
0;1;0;30.19029
0;1;0;30.19031
0;1;0;30.1903
-0.05;1;0;30.18974
0;1;0;30.18679
0;1;0;30.19032
0;1;0;30.19027
0;1;0;30.19039
0;1;0;30.19035
0;1;0;30.1903
0;1;0;30.19031
-0.15;1;0;30.1843
0;1;0;30.18458
0;1;0;30.18988
0;1;0;30.19016
0;1;0;30.19026
0;1;0;30.19029
0;1;0;30.19031
0;1;0;30.1903
0;1;0;30.1903
0;1;0;30.19018
-0.2;1;0;30.17987
0;1;0;30.19103
0;1;0;30.18995
0;1;0;30.19028
0;1;0;30.19028
0;1;0;30.19031
0;1;0;30.19031
0;1;0;30.19027
-0.2;1;0;30.17994
0;1;0;30.18968
0;1;0;30.19024
0;1;0;30.19029
-0.05;1;0;30.18981
-0.2;1;0;30.18028
0;1;0;30.18933
0;1;0;30.19014
0;1;0;30.19026
0;1;0;30.1903
-0.2;1;0;30.18046
-0.35;1;0;30.16405
0;1;0;30.18953
0;1;0;30.18999
0;1;0;30.19025
0;1;0;30.19029
0;1;0;30.1903
0;1;0;30.1903
0;1;0;30.1903
-0.1;1;0;30.18772
0;1;0;30.19035
0;1;0;30.19029
0;1;0;30.19029
0;1;0;30.19028
-0.1;1;0;30.1877
-0.25;1;0;30.17479
0;1;0;30.19016
0;1;0;30.19018
0;1;0;30.19019
0;1;0;30.19029
-0.15;1;0;30.1846
0;1;0;30.19091
0;1;0;30.19001
0;1;0;30.19024
0;1;0;30.19029
0;1;0;30.1903
0;1;0;30.1903
0;1;0;30.19031
0;1;0;30.19029
-0.1;1;0;30.18767
0;1;0;30.18997
0;1;0;30.19029
0;1;0;30.19029
0;1;0;30.19031
0;1;0;30.19031
-0.1;1;0;30.18774
-0.3;1;0;30.16935
0;1;0;30.18885
0;1;0;30.19008
0;1;0;30.19024
0;1;0;30.19028
0;1;0;30.19029
0;1;0;30.19028
0;1;0;30.19029
0;1;0;30.1903
-0.1;1;0;30.18769
0;1;0;30.18725
0;1;0;30.1903
0;1;0;30.19026
0;1;0;30.1903
0;1;0;30.19028
0;1;0;30.19031
0;1;0;30.19031
0;1;0;30.19029
0;1;0;30.19032
-0.2;1;0;30.17984
0;1;0;30.18967
0;1;0;30.19024
0;1;0;30.19029
0;1;0;30.1903
0;1;0;30.19029
0;1;0;30.19028
0;1;0;30.1903
0;1;0;30.19029
0;1;0;30.19032
-0.15;1;0;30.18423
0;1;0;30.19105
0;1;0;30.19023
0;1;0;30.19028
0;1;0;30.1903
0;1;0;30.19026
-0.15;1;0;30.18443
0;1;0;30.19101
0;1;0;30.19022
0;1;0;30.19029
0;1;0;30.19028
0;1;0;30.1903
0;1;0;30.1903
0;1;0;30.19029
0;1;0;30.1903
0;1;0;30.19031
0;1;0;30.19028
0;1;0;30.19029
0;1;0;30.19031
0;1;0;30.19029
0;1;0;30.19029
-0.1;1;0;30.18768
0;1;0;30.18591
0;1;0;30.19016
0;1;0;30.19023
0;1;0;30.19025
0;1;0;30.1903
0;1;0;30.1903
0;1;0;30.1903
0;1;0;30.19029
0;1;0;30.1903
0;1;0;30.1903
0;1;0;30.19028
-0.05;1;0;30.18972
-0.2;1;0;30.17982
0;1;0;30.18931
0;1;0;30.19015
0;1;0;30.19029
0;1;0;30.19029
0;1;0;30.19031
0;1;0;30.19029
0;1;0;30.19031
0;1;0;30.19033
0;1;0;30.19031
0;1;0;30.19029
0;1;0;30.19025
0;1;0;30.19028
-0.1;1;0;30.18767
0;1;0;30.18993
0;1;0;30.19028
0;1;0;30.1903
0;1;0;30.19031
0;1;0;30.1903
0;1;0;30.1903
0;1;0;30.19031
0;1;0;30.19029
0;1;0;30.19031
0;1;0;30.19029
-0.1;1;0;30.18767
-0.25;1;0;30.17476
0;1;0;30.18881
0;1;0;30.19003
0;1;0;30.19022
0;1;0;30.19027
0;1;0;30.19026
0;1;0;30.19028
0;1;0;30.1903
0;1;0;30.19029
0;1;0;30.1903
0;1;0;30.19034
0;1;0;30.19029
0;1;0;30.1903
0;1;0;30.19031
0;1;0;30.19029
0;1;0;30.19031
0;1;0;30.19028
0;1;0;30.19029
-0.05;1;0;30.18971
0;1;0;30.1872
0;1;0;30.19029
0;1;0;30.19026
0;1;0;30.19028
0;1;0;30.1903
0;1;0;30.19027
0;1;0;30.19028
0;1;0;30.19024
0;1;0;30.19031
0;1;0;30.19031
0;1;0;30.1903
0;1;0;30.19027
0;1;0;30.19031
0;1;0;30.19033
0;1;0;30.19032
0;1;0;30.1903
0;1;0;30.19029
-0.15;1;0;30.18422
0;1;0;30.18969
0;1;0;30.19024
0;1;0;30.19028
0;1;0;30.19031
0;1;0;30.19029
0;1;0;30.19031
-0.2;1;0;30.17999
0;1;0;30.18968
0;1;0;30.19024
0;1;0;30.19028
0;1;0;30.19027
0;1;0;30.1903
0;1;0;30.19027
0;1;0;30.1903
-0.1;1;0;30.18768
0;1;0;30.19108
0;1;0;30.19014
0;1;0;30.19028
0;1;0;30.19031
0;1;0;30.1903
0;1;0;30.19028
0;1;0;30.19029
0;1;0;30.19029
0;1;0;30.1903
0;1;0;30.19032
0;1;0;30.1903
0;1;0;30.1903
0;1;0;30.19031
0;1;0;30.19029
0;1;0;30.19033
0;1;0;30.19028
0;1;0;30.19031
-0.1;1;0;30.18764
0;1;0;30.19106
0;1;0;30.19012
0;1;0;30.19026
0;1;0;30.19029
0;1;0;30.1903
-0.1;1;0;30.18782
0;1;0;30.19082
0;1;0;30.19027
0;1;0;30.1903
0;1;0;30.19028
0;1;0;30.19028
-0.15;1;0;30.18437
0;1;0;30.18601
0;1;0;30.19001
0;1;0;30.19026
0;1;0;30.19046
0;1;0;30.19028
0;1;0;30.19029
-0.05;1;0;30.18966
0;1;0;30.18732
0;1;0;30.19026
0;1;0;30.19027
0;1;0;30.19032
0;1;0;30.19031
0;1;0;30.19028
0;1;0;30.19035
0;1;0;30.19028
0;1;0;30.19033
0;1;0;30.19029
0;1;0;30.19031
0;1;0;30.19029
0;1;0;30.19032
0;1;0;30.19032
0;1;0;30.19031
0;1;0;30.19028
0;1;0;30.19028
0;1;0;30.18831
0;1;0;30.19034
0;1;0;30.19029
0;1;0;30.19028
0;1;0;30.19032
0;1;0;30.19031
-0.15;1;0;30.18433
-0.3;1;0;30.16934
0;1;0;30.1899
0;1;0;30.19009
0;1;0;30.19027
0;1;0;30.19022
0;1;0;30.19026
0;1;0;30.19027
0;1;0;30.19028
0;1;0;30.19029
0;1;0;30.19032
0;1;0;30.19016
0;1;0;30.19029
-0.05;1;0;30.18969
-0.2;1;0;30.17986
0;1;0;30.1893
0;1;0;30.19018
0;1;0;30.19022
0;1;0;30.1903
0;1;0;30.1903
0;1;0;30.19031
0;1;0;30.19027
0;1;0;30.1903
0;1;0;30.19029
0;1;0;30.1903
0;1;0;30.19027
-0.1;1;0;30.18764
0;1;0;30.18596
0;1;0;30.19016
0;1;0;30.19021
0;1;0;30.1902
0;1;0;30.19024
0;1;0;30.19026
0;1;0;30.19027
-0.15;1;0;30.18436
0;1;0;30.18971
0;1;0;30.19022
0;1;0;30.1903
0;1;0;30.19028
0;1;0;30.19032
0;1;0;30.19034
0;1;0;30.19028
0;1;0;30.19034
0;1;0;30.1903
0;1;0;30.19031
0;1;0;30.19034
0;1;0;30.1903
0;1;0;30.19056
0;1;0;30.1903
-0.15;1;0;30.18425
0;1;0;30.19037
0;1;0;30.19029
0;1;0;30.19025
0;1;0;30.19027
-0.15;1;0;30.18439
0;1;0;30.1846
0;1;0;30.18988
0;1;0;30.19015
0;1;0;30.19027
0;1;0;30.1903
0;1;0;30.19029
0;1;0;30.19029
0;1;0;30.19029
-0.05;1;0;30.18946
-0.2;1;0;30.1799
0;1;0;30.19029
0;1;0;30.1901
0;1;0;30.19027
0;1;0;30.19032
-0.15;1;0;30.18447
0;1;0;30.18466
0;1;0;30.18991
0;1;0;30.19018
0;1;0;30.19028
0;1;0;30.1903
0;1;0;30.19031
0;1;0;30.1903
-0.15;1;0;30.18439
0;1;0;30.1897
0;1;0;30.19015
0;1;0;30.19023
-0.15;1;0;30.18483
-0.3;1;0;30.16972
0;1;0;30.18824
0;1;0;30.18985
0;1;0;30.19024
0;1;0;30.19024
-0.2;1;0;30.18085
0;1;0;30.1908
0;1;0;30.19015
0;1;0;30.1903
0;1;0;30.19031
0;1;0;30.19029
0;1;0;30.19032
-0.05;1;0;30.18944
-0.25;1;0;30.17484
0;1;0;30.18935
0;1;0;30.1901
0;1;0;30.19025
0;1;0;30.1903
-0.05;1;0;30.18979
-0.25;1;0;30.17511
0;1;0;30.18312
0;1;0;30.18953
0;1;0;30.19007
0;1;0;30.19025
0;1;0;30.19031
-0.15;1;0;30.18469
0;1;0;30.18596
0;1;0;30.18995
0;1;0;30.19023
0;1;0;30.1903
0;1;0;30.19032
0;1;0;30.1903
-0.1;1;0;30.18779
-0.25;1;0;30.17488
0;1;0;30.19018
0;1;0;30.19017
0;1;0;30.19028
0;1;0;30.1903
-0.05;1;0;30.18983
-0.25;1;0;30.17503
-0.4;1;0;30.15766
0;1;0;30.18743
0;1;0;30.18982
0;1;0;30.19011
0;1;0;30.19029
-0.15;1;0;30.18514
-0.35;1;0;30.16442
0;1;0;30.18895
0;1;0;30.18962
0;1;0;30.19009
0;1;0;30.1903
0;1;0;30.19024
0;1;0;30.1901
0;1;0;30.19027
-0.15;1;0;30.1844
-0.35;1;0;30.16362
0;1;0;30.18826
0;1;0;30.18993
0;1;0;30.19025
0;1;0;30.1903
-0.15;1;0;30.18499
-0.35;1;0;30.16425
0;1;0;30.17967
0;1;0;30.18929
0;1;0;30.18986
-0.15;1;0;30.1866
0;1;0;30.18681
0;1;0;30.18999
0;1;0;30.19023
0;1;0;30.19027
-0.05;1;0;30.18982
-0.25;1;0;30.17533
0;1;0;30.18326
0;1;0;30.18961
0;1;0;30.18991
0;1;0;30.19025
0;1;0;30.19025
-0.15;1;0;30.18506
-0.35;1;0;30.16413
0;1;0;30.17963
0;1;0;30.18886
0;1;0;30.18988
0;1;0;30.1902
-0.15;1;0;30.1857
-0.3;1;0;30.17126
0;1;0;30.17995
0;1;0;30.18839
0;1;0;30.18981
0;1;0;30.19022
-0.15;1;0;30.18565
-0.3;1;0;30.17085
0;1;0;30.17998
0;1;0;30.18831
0;1;0;30.18989
0;1;0;30.1902
-0.1;1;0;30.18862
-0.25;1;0;30.17614
0;1;0;30.18362
0;1;0;30.18958
0;1;0;30.19008
-0.1;1;0;30.18878
-0.3;1;0;30.17088
-0.45;1;0;30.15271
0;1;0;30.18323
0;1;0;30.18771
0;1;0;30.1896
0;1;0;30.18983
0;1;0;30.1903
-0.05;1;0;30.1899
-0.2;1;0;30.18055
0;1;0;30.1834
0;1;0;30.18958
0;1;0;30.19007
0;1;0;30.19035
-0.1;1;0;30.18845
-0.3;1;0;30.17038
0;1;0;30.18885
0;1;0;30.19012
0;1;0;30.19027
-0.05;1;0;30.18994
-0.25;1;0;30.17572
-0.4;1;0;30.15831
0;1;0;30.1859
0;1;0;30.18822
0;1;0;30.18994
-0.15;1;0;30.1869
0;1;0;30.18718
0;1;0;30.19003
0;1;0;30.19027
0;1;0;30.19026
0;1;0;30.19028
-0.15;1;0;30.18456
-0.3;1;0;30.16958
0;1;0;30.18823
0;1;0;30.18989
0;1;0;30.1904
0;1;0;30.19031
0;1;0;30.19032
0;1;0;30.19031
0;1;0;30.19027
0;1;0;30.19032
-0.05;1;0;30.18968
-0.25;1;0;30.17476
0;1;0;30.19065
0;1;0;30.19007
0;1;0;30.1902
-0.15;1;0;30.18537
-0.3;1;0;30.17056
0;1;0;30.18981
0;1;0;30.19009
0;1;0;30.19022
0;1;0;30.19034
-0.2;1;0;30.18052
-0.35;1;0;30.16407
0;1;0;30.1875
0;1;0;30.18963
0;1;0;30.19011
0;1;0;30.19032
0;1;0;30.1903
0;1;0;30.1903
0;1;0;30.19027
0;1;0;30.1903
0;1;0;30.1903
-0.2;1;0;30.17983
0;1;0;30.19103
0;1;0;30.19021
0;1;0;30.19024
0;1;0;30.19029
0;1;0;30.19034
0;1;0;30.19032
-0.05;1;0;30.18972
-0.2;1;0;30.17996
0;1;0;30.18305
0;1;0;30.18956
0;1;0;30.18997
0;1;0;30.19026
0;1;0;30.19026
0;1;0;30.19027
0;1;0;30.19029
-0.05;1;0;30.18981
-0.2;1;0;30.17999
0;1;0;30.191
0;1;0;30.19016
0;1;0;30.19026
0;1;0;30.1903
0;1;0;30.1903
0;1;0;30.19031
0;1;0;30.19031
0;1;0;30.19042
0;1;0;30.19031
0;1;0;30.19031
0;1;0;30.19028
0;1;0;30.19031
-0.15;1;0;30.1842
0;1;0;30.19032
0;1;0;30.19026
0;1;0;30.19028
0;1;0;30.19028
-0.15;1;0;30.18442
0;1;0;30.18602
0;1;0;30.19013
0;1;0;30.19026
0;1;0;30.19028
0;1;0;30.19031
0;1;0;30.19027
0;1;0;30.1903
-0.15;1;0;30.18432
0;1;0;30.18604
0;1;0;30.19016
0;1;0;30.19022
0;1;0;30.19027
0;1;0;30.1903
0;1;0;30.19032
0;1;0;30.19031
0;1;0;30.1903
-0.05;1;0;30.18971
0;1;0;30.18726
0;1;0;30.19032
0;1;0;30.19028
0;1;0;30.19028
0;1;0;30.19029
0;1;0;30.19029
0;1;0;30.19031
0;1;0;30.19031
0;1;0;30.19027
0;1;0;30.19031
0;1;0;30.19036
0;1;0;30.19029
-0.05;1;0;30.1897
-0.2;1;0;30.17984
0;1;0;30.18968
0;1;0;30.19024
0;1;0;30.19027
0;1;0;30.1903
0;1;0;30.19029
-0.2;1;0;30.18005
0;1;0;30.18461
0;1;0;30.10888
0;1;0;30.20943
0;1;0;30.19009
0;1;0;30.15558
0;1;0;30.18933
0;1;0;30.18912
0;1;0;30.18943
0;1;0;30.18971
0;1;0;30.1898
0;1;0;30.18986
0;1;0;30.18992
0;1;0;30.18991
0;1;0;30.1899
0;1;0;30.18991
0;1;0;30.18991
0;1;0;30.18992
-0.05;1;0;30.18936
0;1;0;30.1905
0;1;0;30.18984
0;1;0;30.18993
0;1;0;30.18993
0;1;0;30.18995
0;1;0;30.18993
0;1;0;30.18992
0;1;0;30.18993
0;1;0;30.18994
0;1;0;30.18992
0;1;0;30.18995
0;1;0;30.18992
0;1;0;30.18992
0;1;0;30.18991
0;1;0;30.18992
0;1;0;30.18995
0;1;0;30.18991
0;1;0;30.18994
0;1;0;30.18993
0;1;0;30.18994
0;1;0;30.18992
0;1;0;30.18993
0;1;0;30.18992
0;1;0;30.18993
0;1;0;30.18992
0;1;0;30.18993
0;1;0;30.18992
0;1;0;30.18993
0;1;0;30.18996
0;1;0;30.18993
0;1;0;30.18995
0;1;0;30.18993
0;1;0;30.18994
0;1;0;30.18995
0;1;0;30.18992
0;1;0;30.18995
0;1;0;30.18992
0;1;0;30.18993
0;1;0;30.18992
0;1;0;30.18992
0;1;0;30.18993
0;1;0;30.18798
0;1;0;30.18996
0;1;0;30.18992
0;1;0;30.18995
0;1;0;30.18995
0;1;0;30.18997
0;1;0;30.18995
0;1;0;30.18993
0;1;0;30.18995
0;1;0;30.18996
0;1;0;30.18995
0;1;0;30.18993
0;1;0;30.18996
0;1;0;30.18997
0;1;0;30.18995
0;1;0;30.18997
0;1;0;30.18994
0;1;0;30.18995
0;1;0;30.18997
0;1;0;30.18995
0;1;0;30.18995
0;1;0;30.18995
0;1;0;30.18998
0;1;0;30.18993
0;1;0;30.18996
0;1;0;30.18997
0;1;0;30.18996
0;1;0;30.18994
0;1;0;30.18996
0;1;0;30.18996
0;1;0;30.18995
0;1;0;30.18995
0;1;0;30.18998
0;1;0;30.18995
0;1;0;30.18996
0;1;0;30.18996
0;1;0;30.18993
0;1;0;30.18993
0;1;0;30.18997
0;1;0;30.18995
0;1;0;30.18997
0;1;0;30.18996
0;1;0;30.18995
0;1;0;30.18995
0;1;0;30.18997
0;1;0;30.18996
0;1;0;30.18995
0;1;0;30.18998
0;1;0;30.18995
0;1;0;30.18996
0;1;0;30.18998
0;1;0;30.18997
0;1;0;30.18993
0;1;0;30.18995
-0.15;1;0;30.18401
0;1;0;30.18934
0;1;0;30.18991
0;1;0;30.18995
-0.05;1;0;30.12489
-0.2;1;0;30.06772
0;1;0;30.20654
0;1;0;30.16233
0;1;0;30.07127
0;1;0;29.87947
0;1;0;30.17514
-0.1;1;0;30.18659
0;1;0;30.18641
0;1;0;30.19043
0;1;0;30.19049
0;1;0;30.19038
0;1;0;30.19033
0;1;0;30.19031
0;1;0;30.19032
0;1;0;30.19032
-0.15;1;0;30.18427
-0.3;1;0;30.16929
0;1;0;30.1899
0;1;0;30.19014
0;1;0;30.19024
0;1;0;30.19028
0;1;0;30.19031
0;1;0;30.19029
0;1;0;30.19032
-0.1;1;0;30.1877
-0.25;1;0;30.1748
0;1;0;30.18887
0;1;0;30.19005
0;1;0;30.19024
0;1;0;30.19025
-0.15;1;0;30.1848
-0.3;1;0;30.16991
0;1;0;30.18991
0;1;0;30.1901
0;1;0;30.19025
-0.2;1;0;30.18094
0;1;0;30.19075
0;1;0;30.19016
0;1;0;30.19023
0;1;0;30.19029
0;1;0;30.1903
-0.05;1;0;30.18978
-0.25;1;0;30.17543
0;1;0;30.18307
0;1;0;30.18957
0;1;0;30.19012
-0.2;1;0;30.18207
0;1;0;30.18976
-0.05;1;0;30.18995
-0.2;1;0;30.18134
-0.4;1;0;30.15893
-0.5500001;1;0;30.14028
0;1;0;30.18424
0;1;0;30.1892
0;1;0;30.19001
0;1;0;30.19034
0;1;0;30.19029
-0.15;1;0;30.18481
-0.3;1;0;30.1699
-0.5000001;1;0;30.14607
0;1;0;30.17369
0;1;0;30.18714
0;1;0;30.18886
0;1;0;30.19084
-0.05;1;0;30.19018
-0.25;1;0;30.17822
-0.4;1;0;30.15815
-0.5500001;1;0;30.13963
0;1;0;30.18382
-0.05;1;0;30.18954
-0.25;1;0;30.18247
-0.4;1;0;30.16428
-0.6000001;1;0;30.13709
0;1;0;30.16933
-0.1;1;0;30.19179
-0.25;1;0;30.18764
-0.45;1;0;30.16299
0;1;0;30.1822
0;1;0;30.18858
0;1;0;30.18999
-0.2;1;0;30.18327
-0.35;1;0;30.16713
-0.5500001;1;0;30.14162
-0.7;1;0;30.12242
-0.9000002;1;0;30.10118
-1;1;0;30.09696
0;1;0;30.16139
0;1;0;30.1787
0;1;0;30.18779
0;1;0;30.18975
0;1;0;30.18853
0.1;1;0;30.18584
0.3;1;0;30.16812
0;1;0;30.18802
0;1;0;30.18943
0;1;0;30.19066
0;1;0;30.19015
0;1;0;30.19056
0;1;0;30.19034
-0.2;1;0;30.17892
0;1;0;30.18486
0;1;0;30.18992
0;1;0;30.19088
0;1;0;30.19045
0;1;0;30.19038
0;1;0;30.19094
0;1;0;30.1906
0;1;0;30.18998
-0.1;1;0;30.18795
-0.25;1;0;30.1748
0;1;0;30.18908
0;1;0;30.19057
0;1;0;30.19056
0;1;0;30.19054
0;1;0;30.19069
-0.15;1;0;30.18464
-0.3;1;0;30.16992
0;1;0;30.19037
0;1;0;30.19023
0;1;0;30.19038
0;1;0;30.1902
-0.05;1;0;30.18964
-0.2;1;0;30.18012
0;1;0;30.19069
0;1;0;30.18984
0;1;0;30.19022
0;1;0;30.19029
0;1;0;30.19027
-0.1;1;0;30.18793
-0.25;1;0;30.17517
0;1;0;30.1889
0;1;0;30.19004
0;1;0;30.19027
0;1;0;30.19027
0;1;0;30.19027
-0.15;1;0;30.18458
-0.35;1;0;30.16382
0;1;0;30.18824
0;1;0;30.18998
0;1;0;30.1902
0;1;0;30.19028
0;1;0;30.1903
0;1;0;30.19027
0;1;0;30.19029
0;1;0;30.1903
0;1;0;30.19033
0;1;0;30.19033
0;1;0;30.19027
0;1;0;30.19032
0;1;0;30.19034
0;1;0;30.1903
0;1;0;30.19029
0;1;0;30.1903
-0.2;1;0;30.17983
0;1;0;30.19103
0;1;0;30.19015
0;1;0;30.19025
0;1;0;30.1903
0;1;0;30.19031
0;1;0;30.19032
0;1;0;30.19032
0;1;0;30.19029
0;1;0;30.1903
0;1;0;30.19032
0.1;1;0;30.18768
0;1;0;30.18716
0;1;0;30.19014
0;1;0;30.19025
0;1;0;30.19027
0;1;0;30.19032
0;1;0;30.19029
0;1;0;30.1903
0;1;0;30.19031
0;1;0;30.19031
0;1;0;30.19022
0;1;0;30.1903
0;1;0;30.1903
0;1;0;30.19026
0;1;0;30.19028
0;1;0;30.19029
0.1;1;0;30.18766
0.25;1;0;30.17479
0;1;0;30.18099
0;1;0;30.18896
0;1;0;30.18996
0;1;0;30.1902
0;1;0;30.19022
0;1;0;30.19028
0.05;1;0;30.18978
0.25;1;0;30.17513
0.4;1;0;30.15754
0;1;0;30.17511
0;1;0;30.1865
0;1;0;30.18938
0;1;0;30.1902
0;1;0;30.19046
0;1;0;30.19005
0;1;0;30.18983
0.05;1;0;30.19045
0.25;1;0;30.17475
0.4;1;0;30.1555
0.5500001;1;0;30.13971
0;1;0;30.18658
0;1;0;30.18911
0.05;1;0;30.19064
0.2;1;0;30.18289
0.4;1;0;30.15925
0.5500001;1;0;30.14138
0;1;0;30.18335
0;1;0;30.18812
0.1;1;0;30.1923
0.25;1;0;30.17963
0.4;1;0;30.161
0.6000001;1;0;30.13706
0.7500002;1;0;30.11321
0.9500002;1;0;30.0963
0;1;0;30.17501
0;1;0;30.18505
0;1;0;30.19009
0;1;0;30.19041
0.1;1;0;30.18899
0.3;1;0;30.17142
0.45;1;0;30.15311
0.6500001;1;0;30.12799
0;1;0;30.18082
0.1;1;0;30.19167
0.25;1;0;30.18339
0.45;1;0;30.15859
0;1;0;30.18374
0;1;0;30.18903
0.1;1;0;30.18947
0.25;1;0;30.17952
0.45;1;0;30.15506
0.6000001;1;0;30.13567
0;1;0;30.18529
0.1;1;0;30.19148
0.3;1;0;30.17721
0;1;0;30.18789
0;1;0;30.18957
0;1;0;30.19022
0;1;0;30.1903
0.1;1;0;30.18789
0.25;1;0;30.17567
0;1;0;30.1818
0;1;0;30.18908
0;1;0;30.19007
0;1;0;30.19024
0;1;0;30.19029
0;1;0;30.19032
0;1;0;30.19027
0.2;1;0;30.18006
0.35;1;0;30.16364
0;1;0;30.18732
0;1;0;30.18969
0;1;0;30.1902
0;1;0;30.19027
0;1;0;30.19031
0;1;0;30.19031
0;1;0;30.19027
0;1;0;30.1903
0;1;0;30.19032
0;1;0;30.19032
0;1;0;30.19029
0.15;1;0;30.18419
0;1;0;30.18595
0;1;0;30.19
0;1;0;30.19022
0;1;0;30.19028
0;1;0;30.19031
0;1;0;30.19029
0;1;0;30.19032
0;1;0;30.1903
0;1;0;30.19029
0;1;0;30.19031
0;1;0;30.19029
0;1;0;30.19029
0;1;0;30.1903
0;1;0;30.19029
0;1;0;30.19029
0;1;0;30.19028
0;1;0;30.19029
0;1;0;30.19029
0;1;0;30.19029
0;1;0;30.19031
0;1;0;30.1903
0;1;0;30.19036
0;1;0;30.19028
0;1;0;30.19032
0;1;0;30.19029
0;1;0;30.1903
0;1;0;30.19031
0;1;0;30.1903
0;1;0;30.19029
0;1;0;30.19031
0;1;0;30.19031
0;1;0;30.1903
0;1;0;30.19031
0;1;0;30.19025
0;1;0;30.19027
0;1;0;30.1903
-0.15;1;0;30.18427
0;1;0;30.18969
0;1;0;30.19024
0;1;0;30.19029
0;1;0;30.19018
-0.1;1;0;30.18792
-0.25;1;0;30.17511
0;1;0;30.19001
0;1;0;30.18952
0;1;0;30.19015
0;1;0;30.19026
0;1;0;30.19029
0;1;0;30.1903
0;1;0;30.19026
0;1;0;30.19032
0;1;0;30.19026
0;1;0;30.19025
0;1;0;30.19031
0;1;0;30.19029
0;1;0;30.19029
0;1;0;30.19029
0;1;0;30.19028
-0.15;1;0;30.18421
-0.3;1;0;30.16922
0;1;0;30.18802
0;1;0;30.18978
0;1;0;30.19019
0;1;0;30.19025
-0.1;1;0;30.18818
-0.25;1;0;30.17547
-0.45;1;0;30.15231
0;1;0;30.18565
0;1;0;30.18898
0;1;0;30.19039
-0.15;1;0;30.18649
-0.3;1;0;30.17186
-0.5000001;1;0;30.14716
0;1;0;30.18446
0;1;0;30.18892
0;1;0;30.18983
-0.2;1;0;30.18336
-0.35;1;0;30.16745
0;1;0;30.1877
0;1;0;30.18969
0;1;0;30.19018
-0.15;1;0;30.18588
-0.35;1;0;30.16534
-0.5000001;1;0;30.14662
0;1;0;30.18049
0;1;0;30.18702
0;1;0;30.18937
0;1;0;30.19017
-0.15;1;0;30.18629
-0.35;1;0;30.16507
-0.5000001;1;0;30.14692
0;1;0;30.17153
0;1;0;30.18425
0;1;0;30.1892
0;1;0;30.19002
-0.15;1;0;30.1865
-0.3;1;0;30.1726
-0.5000001;1;0;30.14707
0;1;0;30.17389
0;1;0;30.1873
0;1;0;30.18944
0;1;0;30.19009
-0.05;1;0;30.19007
-0.2;1;0;30.18104
-0.4;1;0;30.15875
-0.5500001;1;0;30.14011
0;1;0;30.18293
0;1;0;30.18751
0;1;0;30.18995
-0.15;1;0;30.18752
-0.35;1;0;30.1671
0;1;0;30.18721
0;1;0;30.18901
0;1;0;30.19012
-0.15;1;0;30.18671
-0.3;1;0;30.17196
0;1;0;30.18036
0;1;0;30.18839
0;1;0;30.18991
-0.1;1;0;30.18942
-0.3;1;0;30.17175
-0.45;1;0;30.15356
0;1;0;30.17372
0;1;0;30.18606
0;1;0;30.18944
0;1;0;30.19011
0;1;0;30.19028
-0.15;1;0;30.18546
-0.35;1;0;30.16468
0;1;0;30.18895
0;1;0;30.18963
0;1;0;30.19015
0;1;0;30.19032
-0.1;1;0;30.18887
-0.3;1;0;30.17019
0;1;0;30.18999
0;1;0;30.18961
0;1;0;30.1902
0;1;0;30.19028
-0.15;1;0;30.18507
-0.3;1;0;30.17021
0;1;0;30.19019
0;1;0;30.19004
0;1;0;30.19028
0;1;0;30.19055
-0.2;1;0;30.18051
-0.35;1;0;30.16408
0;1;0;30.18756
0;1;0;30.18933
0;1;0;30.19004
0;1;0;30.19025
-0.1;1;0;30.18848
-0.25;1;0;30.17597
-0.45;1;0;30.15186
0;1;0;30.18674
0;1;0;30.18971
0;1;0;30.19025
0;1;0;30.19029
-0.05;1;0;30.18991
-0.25;1;0;30.17559
0;1;0;30.1834
0;1;0;30.18957
0;1;0;30.19014
0;1;0;30.19027
0;1;0;30.19029
0;1;0;30.19031
0;1;0;30.19053
0;1;0;30.19029
-0.15;1;0;30.18428
-0.3;1;0;30.16882
0;1;0;30.18825
0;1;0;30.18988
0;1;0;30.19019
0;1;0;30.19029
-0.05;1;0;30.18989
-0.25;1;0;30.17549
-0.4;1;0;30.15808
0;1;0;30.18904
0;1;0;30.18985
0;1;0;30.18998
-0.05;1;0;30.18997
-0.25;1;0;30.17595
-0.4;1;0;30.15895
0;1;0;30.18904
0;1;0;30.18991
0;1;0;30.19024
0;1;0;30.19028
0;1;0;30.19029
0;1;0;30.1903
0;1;0;30.19032
-0.15;1;0;30.18431
0;1;0;30.19105
0;1;0;30.19023
0;1;0;30.19034
0;1;0;30.1903
0;1;0;30.1903
-0.15;1;0;30.18402
-0.3;1;0;30.16943
-0.5000001;1;0;30.14551
0;1;0;30.18542
0;1;0;30.18939
0;1;0;30.19006
0;1;0;30.19027
0;1;0;30.19028
0;1;0;30.19033
-0.15;1;0;30.18454
-0.3;1;0;30.16957
0;1;0;30.18854
0;1;0;30.18989
0;1;0;30.1902
0;1;0;30.19029
0;1;0;30.19032
-0.1;1;0;30.18797
-0.3;1;0;30.16964
0;1;0;30.19004
0;1;0;30.18991
0;1;0;30.19015
0;1;0;30.19029
0;1;0;30.1903
-0.1;1;0;30.18796
-0.25;1;0;30.17517
0;1;0;30.19007
0;1;0;30.18948
0;1;0;30.19022
0;1;0;30.19029
0;1;0;30.18972
0;1;0;30.19033
0;1;0;30.19031
-0.15;1;0;30.18432
0;1;0;30.19102
0;1;0;30.19016
0;1;0;30.19027
0;1;0;30.19028
0;1;0;30.19029
0;1;0;30.19031
-0.15;1;0;30.18438
0;1;0;30.18605
0;1;0;30.19013
0;1;0;30.19019
0;1;0;30.1903
0;1;0;30.19049
-0.1;1;0;30.18788
-0.25;1;0;30.17509
0;1;0;30.18308
0;1;0;30.18953
0;1;0;30.1901
0;1;0;30.19027
0;1;0;30.19028
-0.2;1;0;30.18056
-0.35;1;0;30.16411
0;1;0;30.18954
0;1;0;30.19002
0;1;0;30.19023
0;1;0;30.19043
0;1;0;30.19031
-0.1;1;0;30.18792
0;1;0;30.18644
0;1;0;30.19018
0;1;0;30.19027
0;1;0;30.19027
0;1;0;30.19029
0;1;0;30.19031
0;1;0;30.19028
-0.2;1;0;30.17995
0;1;0;30.18463
0;1;0;30.18981
0;1;0;30.19018
0;1;0;30.19027
0;1;0;30.19029
0;1;0;30.19031
0;1;0;30.19022
0;1;0;30.1903
0;1;0;30.19029
0;1;0;30.19006
0;1;0;30.19033
-0.15;1;0;30.1842
-0.3;1;0;30.16922
0;1;0;30.18989
0;1;0;30.19009
0;1;0;30.19026
0;1;0;30.19031
0;1;0;30.19028
0;1;0;30.1903
0;1;0;30.19029
0;1;0;30.19028
0;1;0;30.19031
0;1;0;30.19031
0;1;0;30.19029
0;1;0;30.19032
0;1;0;30.19029
-0.1;1;0;30.18765
0;1;0;30.18596
0;1;0;30.18999
0;1;0;30.19023
0;1;0;30.19029
0;1;0;30.19029
0;1;0;30.1903
0;1;0;30.19031
-0.05;1;0;30.18973
-0.25;1;0;30.17484
0;1;0;30.19074
0;1;0;30.19003
0;1;0;30.19023
0;1;0;30.19028
0;1;0;30.19029
0;1;0;30.1903
0;1;0;30.1903
0;1;0;30.19029
0;1;0;30.19028
0;1;0;30.1903
-0.1;1;0;30.18767
-0.25;1;0;30.17475
0;1;0;30.18884
0;1;0;30.19003
0;1;0;30.19025
0;1;0;30.19028
0;1;0;30.19032
0;1;0;30.1903
0;1;0;30.1903
0;1;0;30.19029
0;1;0;30.19029
0;1;0;30.19031
0;1;0;30.19031
0;1;0;30.19032
0;1;0;30.19033
0;1;0;30.1903
0;1;0;30.19029
-0.15;1;0;30.18425
0;1;0;30.18592
0;1;0;30.18998
0;1;0;30.19021
0;1;0;30.19028
0;1;0;30.19029
0;1;0;30.19029
0;1;0;30.19029
0;1;0;30.19031
0;1;0;30.19029
0;1;0;30.1903
-0.05;1;0;30.18972
-0.25;1;0;30.17475
0;1;0;30.18932
0;1;0;30.19018
0;1;0;30.19026
0;1;0;30.1903
0;1;0;30.1903
0;1;0;30.19029
0;1;0;30.19029
0;1;0;30.19031
0;1;0;30.19029
0;1;0;30.19029
0;1;0;30.1903
0;1;0;30.1903
0;1;0;30.19029
0;1;0;30.19031
0;1;0;30.18834
0;1;0;30.19032
0;1;0;30.19028
0;1;0;30.19029
0;1;0;30.1903
0;1;0;30.19029
-0.1;1;0;30.18772
-0.25;1;0;30.17486
0;1;0;30.19013
0;1;0;30.19025
0;1;0;30.19028
0;1;0;30.19029
0;1;0;30.19029
0;1;0;30.19031
0;1;0;30.19029
0;1;0;30.1903
0;1;0;30.1903
0;1;0;30.19031
0;1;0;30.1903
0;1;0;30.1903
0;1;0;30.19032
0;1;0;30.1903
0;1;0;30.19032
0;1;0;30.19029
-0.05;1;0;30.1897
-0.25;1;0;30.17474
0;1;0;30.19074
0;1;0;30.19001
0;1;0;30.19019
0;1;0;30.19025
0;1;0;30.19028
0;1;0;30.19031
0;1;0;30.19035
0;1;0;30.19031
0;1;0;30.19029
0;1;0;30.19029
0;1;0;30.1903
0;1;0;30.1903
0;1;0;30.19029
0;1;0;30.1903
0;1;0;30.19031
0;1;0;30.1903
0;1;0;30.1903
0;1;0;30.1903
0;1;0;30.19031
0;1;0;30.19031
0;1;0;30.19029
0;1;0;30.1903
0;1;0;30.1903
0;1;0;30.19023
0;1;0;30.1903
0;1;0;30.19027
0;1;0;30.19027
-0.15;1;0;30.18422
0;1;0;30.18966
0;1;0;30.19022
0;1;0;30.19029
0;1;0;30.1903
0;1;0;30.19031
-0.1;1;0;30.1878
0;1;0;30.18603
0;1;0;30.19014
0;1;0;30.19022
0;1;0;30.19029
0;1;0;30.19027
0;1;0;30.19031
0;1;0;30.19031
0;1;0;30.19029
-0.2;1;0;30.17987
0;1;0;30.19025
0;1;0;30.19024
0;1;0;30.19029
0;1;0;30.19028
0;1;0;30.19029
0;1;0;30.1903
0;1;0;30.19029
0;1;0;30.1903
0;1;0;30.19032
0;1;0;30.19028
-0.15;1;0;30.18424
0;1;0;30.19106
0;1;0;30.19025
0;1;0;30.1903
0;1;0;30.19027
0;1;0;30.19029
0;1;0;30.19032
-0.1;1;0;30.18774
-0.25;1;0;30.17484
0;1;0;30.18122
0;1;0;30.18895
0;1;0;30.18984
0;1;0;30.1902
0;1;0;30.19028
0;1;0;30.19029
0;1;0;30.1903
0.15;1;0;30.18403
0;1;0;30.18963
0;1;0;30.19023
0;1;0;30.19026
0;1;0;30.19026
0;1;0;30.19031
0;1;0;30.19029
0;1;0;30.19027
0;1;0;30.1903
0;1;0;30.1903
0;1;0;30.1903
0;1;0;30.1903
0;1;0;30.1903
0;1;0;30.1903
0;1;0;30.19031
0;1;0;30.19028
0;1;0;30.19021
0;1;0;30.19029
0;1;0;30.19029
0;1;0;30.19029
0;1;0;30.1903
-0.1;1;0;30.18768
0;1;0;30.19106
0;1;0;30.1901
0;1;0;30.19026
0;1;0;30.19028
0;1;0;30.1903
0;1;0;30.19032
0;1;0;30.19031
0;1;0;30.19031
0;1;0;30.19029
0;1;0;30.19027
0;1;0;30.19029
0;1;0;30.19048
0;1;0;30.1903
0;1;0;30.1903
0;1;0;30.19051
0;1;0;30.19029
0;1;0;30.19033
0;1;0;30.19027
0;1;0;30.19027
0;1;0;30.19032
-0.1;1;0;30.18767
0;1;0;30.18593
0;1;0;30.19015
0;1;0;30.19019
0;1;0;30.19027
0;1;0;30.19032
0;1;0;30.19031
0;1;0;30.19029
0;1;0;30.1903
0;1;0;30.19029
0;1;0;30.19022
-0.1;1;0;30.18769
0;1;0;30.18596
0;1;0;30.19008
0;1;0;30.19013
0;1;0;30.19029
0;1;0;30.19028
0;1;0;30.19033
0;1;0;30.19033
0;1;0;30.19032
-0.05;1;0;30.1897
-0.25;1;0;30.17479
0;1;0;30.19018
0;1;0;30.19018
0;1;0;30.1903
0;1;0;30.19029
0;1;0;30.19027
0;1;0;30.19028
0;1;0;30.19034
-0.1;1;0;30.18775
0;1;0;30.19106
0;1;0;30.19021
0;1;0;30.1905
0;1;0;30.19033
0;1;0;30.19031
0;1;0;30.19026
0;1;0;30.19028
0;1;0;30.19031
-0.05;1;0;30.18973
-0.2;1;0;30.17984
0;1;0;30.19072
0;1;0;30.1898
0;1;0;30.1902
0;1;0;30.19027
0;1;0;30.19029
0;1;0;30.19035
0;1;0;30.19032
0;1;0;30.19013
0;1;0;30.19034
0;1;0;30.19033
0;1;0;30.19025
0;1;0;30.19032
-0.1;1;0;30.18768
0;1;0;30.18595
0;1;0;30.19
0;1;0;30.19024
0;1;0;30.1903
0;1;0;30.19028
0;1;0;30.19028
0;1;0;30.19028
0;1;0;30.19032
0;1;0;30.19032
0;1;0;30.19028
-0.1;1;0;30.18767
0;1;0;30.18597
0;1;0;30.19001
0;1;0;30.1902
0;1;0;30.19031
0;1;0;30.19025
0;1;0;30.19027
0;1;0;30.1903
0;1;0;30.19031
0;1;0;30.1903
0;1;0;30.19028
0;1;0;30.19033
0;1;0;30.19032
0;1;0;30.1903
-0.2;1;0;30.17982
0;1;0;30.19106
0;1;0;30.19008
0;1;0;30.19029
0;1;0;30.19048
0;1;0;30.1903
0;1;0;30.19028
0;1;0;30.19074
-0.1;1;0;30.18769
-0.3;1;0;30.16927
0;1;0;30.18884
0;1;0;30.1901
0;1;0;30.19023
0;1;0;30.19028
0;1;0;30.19029
-0.15;1;0;30.18451
0;1;0;30.18467
0;1;0;30.18989
0;1;0;30.19015
0;1;0;30.19027
0;1;0;30.19072
0;1;0;30.19029
0;1;0;30.19031
0;1;0;30.19052
0;1;0;30.19026
0;1;0;30.19032
-0.05;1;0;30.18971
-0.2;1;0;30.17986
0;1;0;30.19102
0;1;0;30.19013
0;1;0;30.19027
0;1;0;30.19031
0;1;0;30.19028
-0.15;1;0;30.18456
0;1;0;30.19092
0;1;0;30.18983
0;1;0;30.1902
0;1;0;30.19028
-0.15;1;0;30.18439
-0.3;1;0;30.16981
0;1;0;30.18825
0;1;0;30.18991
0;1;0;30.19027
-0.1;1;0;30.1885
-0.25;1;0;30.17595
0;1;0;30.18985
0;1;0;30.18957
0;1;0;30.19016
0;1;0;30.19027
0;1;0;30.19047
-0.05;1;0;30.18983
-0.25;1;0;30.17513
-0.4;1;0;30.15759
0;1;0;30.18907
0;1;0;30.18978
0;1;0;30.19021
0;1;0;30.19028
0;1;0;30.19027
0;1;0;30.19027
0;1;0;30.19032
0;1;0;30.19032
0;1;0;30.19031
-0.2;1;0;30.17952
-0.35;1;0;30.1635
0;1;0;30.18948
0;1;0;30.19002
0;1;0;30.19018
-0.05;1;0;30.18995
-0.2;1;0;30.18081
-0.4;1;0;30.15836
0;1;0;30.18749
0;1;0;30.18935
0;1;0;30.19011
0;1;0;30.19025
0;1;0;30.19026
0;1;0;30.1903
0;1;0;30.19027
0;1;0;30.19025
-0.15;1;0;30.18427
-0.35;1;0;30.16349
0;1;0;30.18827
0;1;0;30.18995
0;1;0;30.19026
0;1;0;30.19031
-0.15;1;0;30.18495
-0.35;1;0;30.16425
0;1;0;30.18815
0;1;0;30.18988
0;1;0;30.19021
0;1;0;30.19025
-0.15;1;0;30.18501
0;1;0;30.18494
0;1;0;30.18991
-0.05;1;0;30.19008
-0.2;1;0;30.18196
0;1;0;30.18942
0;1;0;30.18982
0;1;0;30.19023
-0.15;1;0;30.18522
0;1;0;30.18474
0;1;0;30.18986
0;1;0;30.19009
0;1;0;30.19027
-0.15;1;0;30.18519
-0.35;1;0;30.1645
0;1;0;30.17965
0;1;0;30.18839
0;1;0;30.18996
-0.05;1;0;30.19015
-0.25;1;0;30.17716
-0.4;1;0;30.15946
0;1;0;30.17578
0;1;0;30.18654
0;1;0;30.18958
-0.1;1;0;30.18989
0;1;0;30.19014
0;1;0;30.1902
0;1;0;30.19028
0;1;0;30.19028
-0.2;1;0;30.1804
-0.35;1;0;30.16398
0;1;0;30.18763
0;1;0;30.18884
0;1;0;30.19007
0;1;0;30.19022
-0.15;1;0;30.18573
-0.35;1;0;30.16499
-0.5500001;1;0;30.1402
0;1;0;30.18067
0;1;0;30.18676
0;1;0;30.18976
0;1;0;30.19016
0;1;0;30.19027
0;1;0;30.19028
-0.2;1;0;30.1805
-0.35;1;0;30.16425
0;1;0;30.18766
0;1;0;30.18975
0;1;0;30.1904
0;1;0;30.19033
0;1;0;30.1903
0;1;0;30.19031
-0.1;1;0;30.18783
-0.3;1;0;30.16945
0;1;0;30.19009
0;1;0;30.18961
0;1;0;30.19014
0;1;0;30.19031
0;1;0;30.18992
0;1;0;30.19033
-0.2;1;0;30.1802
-0.35;1;0;30.16371
0;1;0;30.18954
0;1;0;30.19002
0;1;0;30.19024
-0.05;1;0;30.18961
-0.25;1;0;30.1758
-0.4;1;0;30.15833
0;1;0;30.18781
0;1;0;30.18986
0;1;0;30.19016
0;1;0;30.19027
0;1;0;30.1903
-0.2;1;0;30.18042
0;1;0;30.18484
0;1;0;30.19005
0;1;0;30.19015
0;1;0;30.19027
0;1;0;30.19039
0;1;0;30.19036
0;1;0;30.19029
0;1;0;30.19035
-0.2;1;0;30.17994
0;1;0;30.1846
0;1;0;30.1898
0;1;0;30.19017
0;1;0;30.19039
0;1;0;30.19034
0;1;0;30.19033
-0.1;1;0;30.18804
-0.25;1;0;30.17498
-0.4;1;0;30.15767
0;1;0;30.18653
0;1;0;30.1894
0;1;0;30.19011
0;1;0;30.19025
0;1;0;30.19028
0;1;0;30.19032
0;1;0;30.19025
0;1;0;30.19029
0;1;0;30.19029
0;1;0;30.19034
0;1;0;30.19029
0;1;0;30.19029
-0.15;1;0;30.18417
-0.35;1;0;30.16341
0;1;0;30.1882
0;1;0;30.18993
0;1;0;30.19026
0;1;0;30.19005
0;1;0;30.19033
0;1;0;30.19027
0;1;0;30.19043
0;1;0;30.19033
0;1;0;30.19029
0;1;0;30.19031
0;1;0;30.19031
0;1;0;30.19031
0;1;0;30.1903
-0.05;1;0;30.18971
-0.2;1;0;30.17975
0;1;0;30.18296
0;1;0;30.18954
0;1;0;30.18996
0;1;0;30.19031
0;1;0;30.19029
0;1;0;30.19032
0;1;0;30.19031
0;1;0;30.19029
0;1;0;30.19026
-0.1;1;0;30.18769
0;1;0;30.19091
0;1;0;30.19028
0;1;0;30.19029
0;1;0;30.19034
0;1;0;30.19029
0;1;0;30.19031
0;1;0;30.1903
-0.05;1;0;30.18973
-0.25;1;0;30.17478
0;1;0;30.1893
0;1;0;30.19016
0;1;0;30.19024
0;1;0;30.19027
0;1;0;30.1903
0;1;0;30.1903
-0.1;1;0;30.1878
-0.25;1;0;30.17486
0;1;0;30.19009
0;1;0;30.18954
0;1;0;30.19016
0;1;0;30.19027
0;1;0;30.1903
0;1;0;30.1903
0;1;0;30.1903
0;1;0;30.19029
0;1;0;30.19032
0;1;0;30.19031
0;1;0;30.19031
0;1;0;30.19035
0;1;0;30.19028
0;1;0;30.1903
0;1;0;30.19037
0;1;0;30.19032
0;1;0;30.19029
0;1;0;30.19032
0;1;0;30.19029
0;1;0;30.19029
-0.2;1;0;30.17981
0;1;0;30.19105
0;1;0;30.0955
0;1;0;30.21406
0;1;0;30.19056
0;1;0;30.14503
0;1;0;30.18609
0;1;0;30.18866
0;1;0;30.18963
0;1;0;30.18986
-0.15;1;0;30.184
0;1;0;30.18996
0;1;0;30.18993
0;1;0;30.18992
0;1;0;30.18992
0;1;0;30.18992
0;1;0;30.18993
0;1;0;30.18992
0;1;0;30.18992
0;1;0;30.18995
0;1;0;30.18993
0;1;0;30.18993
0;1;0;30.18992
0;1;0;30.18996
0;1;0;30.18992
0;1;0;30.18992
0;1;0;30.18993
0;1;0;30.18992
0;1;0;30.18993
0;1;0;30.18992
0;1;0;30.18994
0;1;0;30.18994
0;1;0;30.18993
0;1;0;30.18995
0;1;0;30.18994
0;1;0;30.18992
0;1;0;30.18993
0;1;0;30.18993
0;1;0;30.18995
0;1;0;30.18993
0;1;0;30.18993
0;1;0;30.18993
0;1;0;30.18993
0;1;0;30.18994
0;1;0;30.18994
0;1;0;30.18993
0;1;0;30.18994
0;1;0;30.18993
0;1;0;30.18992
0;1;0;30.18993
0;1;0;30.18991
0;1;0;30.18993
0;1;0;30.18997
0;1;0;30.18993
0;1;0;30.18994
0;1;0;30.18993
0;1;0;30.18992
0;1;0;30.18991
0;1;0;30.18991
0;1;0;30.18994
0;1;0;30.18992
0;1;0;30.18993
0;1;0;30.18993
0;1;0;30.18992
0;1;0;30.18993
0;1;0;30.18992
0;1;0;30.18993
0;1;0;30.18993
0;1;0;30.18993
0;1;0;30.18991
0;1;0;30.18995
0;1;0;30.18994
0;1;0;30.18993
0;1;0;30.18992
0;1;0;30.18993
0;1;0;30.18991
0;1;0;30.18993
0;1;0;30.18993
0;1;0;30.18993
0;1;0;30.18991
0;1;0;30.18993
0;1;0;30.18993
0;1;0;30.18994
0;1;0;30.18992
0;1;0;30.18995
0;1;0;30.18993
0;1;0;30.18993
0;1;0;30.18993
0;1;0;30.18993
0;1;0;30.18991
0;1;0;30.18993
0;1;0;30.18993
-0.05;1;0;30.18939
-0.25;1;0;30.17459
0;1;0;30.18894
0;1;0;30.1898
0;1;0;30.18992
0;1;0;30.18998
0;1;0;30.18996
0;1;0;30.18997
-0.15;1;0;30.18416
0;1;0;30.19065
0;1;0;30.18968
0;1;0;30.18996
0;1;0;30.19001
0;1;0;30.19003
0;1;0;30.19
0;1;0;30.19003
0;1;0;30.19003
0;1;0;30.19004
0;1;0;30.19003
0;1;0;30.19002
0;1;0;30.19005
0;1;0;30.19005
0;1;0;30.19003
0;1;0;30.19003
0;1;0;30.19003
0;1;0;30.19004
0;1;0;30.06777
0;1;0;29.81746
0;1;0;30.09656
0;1;0;30.08668
0;1;0;29.89456
0;1;0;30.21795
-0.05;1;0;30.18847
0;1;0;30.18754
0;1;0;30.19064
0;1;0;30.19047
0;1;0;30.1904
0;1;0;30.19035
-0.1;1;0;30.18789
0;1;0;30.18606
0;1;0;30.19014
0;1;0;30.19021
0;1;0;30.19029
0;1;0;30.19027
-0.15;1;0;30.18459
-0.3;1;0;30.16969
0;1;0;30.18824
0;1;0;30.18988
0;1;0;30.1902
0;1;0;30.19028
0;1;0;30.1903
0;1;0;30.1903
0;1;0;30.19031
0;1;0;30.19027
0;1;0;30.19031
0;1;0;30.1903
0;1;0;30.19027
-0.05;1;0;30.18971
-0.2;1;0;30.17982
0;1;0;30.19074
0;1;0;30.1898
0;1;0;30.19009
0;1;0;30.19027
0;1;0;30.19029
0;1;0;30.1904
0;1;0;30.19028
-0.15;1;0;30.18435
-0.35;1;0;30.1636
0;1;0;30.1886
0;1;0;30.18997
0;1;0;30.19019
0;1;0;30.19065
0;1;0;30.1903
-0.15;1;0;30.18461
-0.3;1;0;30.16971
-0.5000001;1;0;30.14565
-0.6500001;1;0;30.12724
0;1;0;30.1839
0;1;0;30.18844
0;1;0;30.18999
0;1;0;30.19007
-0.15;1;0;30.18565
-0.3;1;0;30.17078
0;1;0;30.18959
0;1;0;30.19008
0;1;0;30.1902
-0.1;1;0;30.18811
-0.3;1;0;30.17014
-0.45;1;0;30.15211
0;1;0;30.18335
0;1;0;30.18767
0;1;0;30.18953
-0.15;1;0;30.18719
-0.3;1;0;30.17281
-0.5000001;1;0;30.14769
0;1;0;30.17358
0;1;0;30.18708
-0.1;1;0;30.19108
0;1;0;30.18961
0;1;0;30.1901
-0.1;1;0;30.18883
-0.25;1;0;30.17624
-0.45;1;0;30.15251
-0.6000001;1;0;30.13467
-0.8000001;1;0;30.11062
0;1;0;30.1625
0;1;0;30.17391
0;1;0;30.18664
0;1;0;30.18928
-0.1;1;0;30.1888
-0.25;1;0;30.17826
-0.45;1;0;30.15451
-0.6000001;1;0;30.13652
-0.8000001;1;0;30.11153
0;1;0;30.17678
0;1;0;30.18849
-0.15;1;0;30.19031
-0.3;1;0;30.17528
0;1;0;30.18864
0;1;0;30.18927
0;1;0;30.19023
-0.05;1;0;30.19179
-0.2;1;0;30.18115
-0.4;1;0;30.15914
-0.5500001;1;0;30.14047
0;1;0;30.18036
0;1;0;30.18884
0;1;0;30.18938
0;1;0;30.19045
0;1;0;30.19
-0.05;1;0;30.18993
0;1;0;30.1876
0;1;0;30.19024
0;1;0;30.1903
0;1;0;30.19033
0;1;0;30.19032
0;1;0;30.1903
-0.15;1;0;30.18433
-0.35;1;0;30.16353
0;1;0;30.18828
0;1;0;30.19001
0;1;0;30.19011
0;1;0;30.19029
0;1;0;30.19032
-0.15;1;0;30.18447
-0.3;1;0;30.16963
0;1;0;30.1899
0;1;0;30.19026
0;1;0;30.19023
0;1;0;30.1903
-0.1;1;0;30.18801
0;1;0;30.18618
0;1;0;30.19015
0;1;0;30.19024
0;1;0;30.19036
0;1;0;30.19031
0;1;0;30.19032
-0.1;1;0;30.18787
-0.25;1;0;30.1749
0;1;0;30.19075
0;1;0;30.19005
0;1;0;30.19022
0;1;0;30.19028
0;1;0;30.19029
0;1;0;30.19031
0;1;0;30.19031
0;1;0;30.19029
0;1;0;30.1903
0;1;0;30.1903
0;1;0;30.19034
0;1;0;30.19026
0;1;0;30.19031
0;1;0;30.19025
0;1;0;30.1903
0;1;0;30.19028
0;1;0;30.1903
0;1;0;30.19031
0;1;0;30.19022
0;1;0;30.19032
0;1;0;30.19032
0;1;0;30.19031
0;1;0;30.19031
-0.2;1;0;30.17982
0;1;0;30.19103
0;1;0;30.19012
0;1;0;30.19028
0;1;0;30.19029
0;1;0;30.19029
0;1;0;30.19033
0;1;0;30.19029
0;1;0;30.1903
0;1;0;30.19032
0;1;0;30.1903
0;1;0;30.19028
0;1;0;30.19028
0;1;0;30.1903
0;1;0;30.1903
0;1;0;30.19027
0;1;0;30.19032
0;1;0;30.19032
0.2;1;0;30.17985
0;1;0;30.19101
0;1;0;30.19033
0;1;0;30.19022
0;1;0;30.19029
0.05;1;0;30.18987
0.2;1;0;30.18033
0.4;1;0;30.15792
0.5500001;1;0;30.13958
0;1;0;30.18647
0;1;0;30.18909
0;1;0;30.19001
0;1;0;30.19025
-0.15;1;0;30.18287
0;1;0;30.19038
0;1;0;30.19025
0;1;0;30.19029
0.15;1;0;30.18389
0.3;1;0;30.16823
0;1;0;30.18814
0;1;0;30.19013
0;1;0;30.19036
0;1;0;30.19036
0;1;0;30.19023
0;1;0;30.1902
0.1;1;0;30.18636
0.3;1;0;30.16943
0.45;1;0;30.1511
0;1;0;30.18377
0;1;0;30.1896
0.1;1;0;30.19014
0.3;1;0;30.17315
0.45;1;0;30.15534
0;1;0;30.18608
0;1;0;30.18918
0.1;1;0;30.19053
0.25;1;0;30.17869
0.45;1;0;30.15406
0.6000001;1;0;30.13515
0.7500002;1;0;30.11533
0.9500002;1;0;30.09438
1;1;0;30.09311
0;1;0;30.168
0;1;0;30.17638
0;1;0;30.18825
0;1;0;30.18991
0;1;0;30.18914
0;1;0;30.19191
0;1;0;30.19065
0.2;1;0;30.17979
0.35;1;0;30.16422
0.5500001;1;0;30.13868
0;1;0;30.18006
0;1;0;30.1892
0;1;0;30.19019
0;1;0;30.18855
0.2;1;0;30.1813
0.4;1;0;30.15898
0.5500001;1;0;30.13914
0.7;1;0;30.12411
0;1;0;30.17336
0;1;0;30.18267
0;1;0;30.18892
0;1;0;30.19006
0;1;0;30.19066
0;1;0;30.19043
0.15;1;0;30.18493
0.3;1;0;30.16995
0;1;0;30.18915
0;1;0;30.18952
0;1;0;30.19016
0;1;0;30.19025
0;1;0;30.19002
0;1;0;30.19032
0.1;1;0;30.18791
0.3;1;0;30.16953
0;1;0;30.19011
0;1;0;30.18984
0;1;0;30.1902
0;1;0;30.19032
0;1;0;30.19032
0;1;0;30.19029
0.15;1;0;30.18448
0;1;0;30.18614
0;1;0;30.19
0;1;0;30.19015
0;1;0;30.19028
0;1;0;30.19029
0.05;1;0;30.18962
0.2;1;0;30.18009
0;1;0;30.18937
0;1;0;30.19016
0;1;0;30.19025
0;1;0;30.19027
0;1;0;30.19023
0;1;0;30.19029
0;1;0;30.19031
0;1;0;30.19026
0;1;0;30.19031
0.2;1;0;30.17983
0;1;0;30.19104
0;1;0;30.19
0;1;0;30.19024
0;1;0;30.1903
0;1;0;30.19032
0;1;0;30.19029
0;1;0;30.19031
0;1;0;30.19031
0;1;0;30.1903
-0.2;1;0;30.17981
0;1;0;30.19101
0;1;0;30.19013
0;1;0;30.19024
0;1;0;30.19027
0;1;0;30.1903
0;1;0;30.19028
-0.1;1;0;30.18777
-0.25;1;0;30.17491
0;1;0;30.18934
0;1;0;30.19017
0;1;0;30.19025
0;1;0;30.19031
0;1;0;30.19029
0;1;0;30.19031
0;1;0;30.19028
0;1;0;30.19037
0;1;0;30.19029
0;1;0;30.1903
0;1;0;30.19029
0;1;0;30.19032
0;1;0;30.1903
-0.05;1;0;30.18961
-0.2;1;0;30.17982
0;1;0;30.19074
0;1;0;30.18977
0;1;0;30.1902
0;1;0;30.19027
0;1;0;30.19028
-0.1;1;0;30.18796
-0.25;1;0;30.17518
0;1;0;30.19007
0;1;0;30.1902
0;1;0;30.19029
0;1;0;30.19016
0;1;0;30.19029
0;1;0;30.19034
0;1;0;30.19027
0;1;0;30.19034
0;1;0;30.19029
0;1;0;30.19017
0;1;0;30.19028
-0.1;1;0;30.18762
-0.3;1;0;30.16936
0;1;0;30.19008
0;1;0;30.18953
-0.05;1;0;30.1901
-0.25;1;0;30.17707
0;1;0;30.19006
0;1;0;30.18968
-0.1;1;0;30.18909
-0.3;1;0;30.17138
0;1;0;30.1894
0;1;0;30.18986
0;1;0;30.19018
0;1;0;30.19027
0;1;0;30.19015
0;1;0;30.19011
-0.1;1;0;30.18778
-0.25;1;0;30.17491
-0.45;1;0;30.15149
-0.6000001;1;0;30.13313
-0.8000001;1;0;30.1101
0;1;0;30.17313
0;1;0;30.18754
0;1;0;30.18942
-0.2;1;0;30.18471
-0.35;1;0;30.16787
-0.5500001;1;0;30.14232
0;1;0;30.18476
0;1;0;30.18933
0;1;0;30.18982
-0.2;1;0;30.18281
-0.35;1;0;30.16623
0;1;0;30.18857
0;1;0;30.18966
-0.05;1;0;30.19017
-0.25;1;0;30.17757
-0.4;1;0;30.15987
-0.6000001;1;0;30.13474
-0.7500002;1;0;30.11567
0;1;0;30.18166
0;1;0;30.18757
0;1;0;30.18989
0;1;0;30.19024
-0.05;1;0;30.19004
-0.25;1;0;30.17617
-0.4;1;0;30.15875
0;1;0;30.18746
0;1;0;30.18848
0;1;0;30.18998
-0.2;1;0;30.18316
-0.35;1;0;30.16657
-0.5500001;1;0;30.14129
0;1;0;30.18459
0;1;0;30.18926
-0.1;1;0;30.18991
-0.25;1;0;30.17838
-0.4;1;0;30.16055
0;1;0;30.189
0;1;0;30.18991
-0.1;1;0;30.18918
-0.25;1;0;30.17721
-0.4;1;0;30.15928
0;1;0;30.17591
0;1;0;30.18657
0;1;0;30.18931
0;1;0;30.19015
-0.05;1;0;30.19001
-0.2;1;0;30.18135
-0.35;1;0;30.16481
0;1;0;30.18958
0;1;0;30.19016
0;1;0;30.19003
-0.2;1;0;30.18117
-0.35;1;0;30.16468
0;1;0;30.18773
0;1;0;30.19003
0;1;0;30.1902
-0.1;1;0;30.18847
-0.25;1;0;30.17597
-0.45;1;0;30.15232
0;1;0;30.18667
0;1;0;30.18965
0;1;0;30.18989
-0.15;1;0;30.18594
-0.3;1;0;30.17121
0;1;0;30.18002
0;1;0;30.18837
0;1;0;30.18991
0;1;0;30.19021
0;1;0;30.19028
0;1;0;30.19026
-0.15;1;0;30.18462
-0.3;1;0;30.16964
0;1;0;30.18995
0;1;0;30.19025
0;1;0;30.19028
-0.05;1;0;30.18993
-0.25;1;0;30.17559
0;1;0;30.19056
0;1;0;30.18982
0;1;0;30.19022
0;1;0;30.19029
-0.1;1;0;30.18813
-0.25;1;0;30.17541
-0.45;1;0;30.15197
0;1;0;30.18662
0;1;0;30.18955
0;1;0;30.19012
-0.1;1;0;30.18882
-0.25;1;0;30.1769
0;1;0;30.18899
0;1;0;30.19007
0;1;0;30.19026
-0.05;1;0;30.18992
-0.25;1;0;30.1757
0;1;0;30.18339
0;1;0;30.18962
0;1;0;30.19013
0;1;0;30.19024
0;1;0;30.19034
-0.15;1;0;30.18472
-0.3;1;0;30.16986
0;1;0;30.18892
0;1;0;30.19013
0;1;0;30.19028
0;1;0;30.19029
0;1;0;30.19028
0;1;0;30.19032
0;1;0;30.1903
-0.05;1;0;30.18974
-0.25;1;0;30.1748
0;1;0;30.19073
0;1;0;30.19005
0;1;0;30.19017
0;1;0;30.19029
-0.05;1;0;30.18985
-0.25;1;0;30.17501
0;1;0;30.19061
0;1;0;30.19003
0;1;0;30.19023
0;1;0;30.19029
-0.15;1;0;30.18495
-0.35;1;0;30.16421
0;1;0;30.17956
0;1;0;30.18881
0;1;0;30.18991
-0.05;1;0;30.19011
-0.2;1;0;30.18208
-0.4;1;0;30.15922
0;1;0;30.18759
0;1;0;30.19009
0;1;0;30.19017
-0.05;1;0;30.18997
-0.2;1;0;30.18104
-0.4;1;0;30.1585
0;1;0;30.18907
0;1;0;30.18986
0;1;0;30.19021
0;1;0;30.19029
-0.1;1;0;30.18814
-0.25;1;0;30.17547
0;1;0;30.19016
0;1;0;30.19025
0;1;0;30.19032
0;1;0;30.19028
0;1;0;30.19042
0;1;0;30.19032
0;1;0;30.19029
0;1;0;30.19032
0;1;0;30.19029
0;1;0;30.19032
0;1;0;30.19029
0;1;0;30.1903
0;1;0;30.1903
-0.1;1;0;30.18768
-0.25;1;0;30.17474
0;1;0;30.19012
0;1;0;30.18923
0;1;0;30.19016
-0.1;1;0;30.18878
0;1;0;30.18609
0;1;0;30.19005
0;1;0;30.19024
0;1;0;30.19028
0;1;0;30.19028
0;1;0;30.1903
-0.1;1;0;30.18781
-0.25;1;0;30.17494
0;1;0;30.19017
0;1;0;30.19019
0;1;0;30.19027
0;1;0;30.19028
0;1;0;30.19033
0;1;0;30.19028
0;1;0;30.19031
0;1;0;30.19029
-0.05;1;0;30.18972
-0.2;1;0;30.17985
0;1;0;30.18454
0;1;0;30.18982
0;1;0;30.19015
0;1;0;30.19029
0;1;0;30.19031
-0.1;1;0;30.18799
0;1;0;30.18741
0;1;0;30.19013
-0.15;1;0;30.18559
0;1;0;30.19024
0;1;0;30.19027
0;1;0;30.19034
0;1;0;30.19029
0;1;0;30.19027
0;1;0;30.19029
0;1;0;30.19031
-0.1;1;0;30.18769
-0.3;1;0;30.16926
0;1;0;30.1888
0;1;0;30.19009
0;1;0;30.19021
0;1;0;30.19029
-0.1;1;0;30.18807
0;1;0;30.1862
0;1;0;30.19014
0;1;0;30.19023
0;1;0;30.19028
0;1;0;30.19029
0;1;0;30.1903
-0.2;1;0;30.18009
0;1;0;30.18468
0;1;0;30.18981
0;1;0;30.19006
0;1;0;30.19027
0;1;0;30.19029
0;1;0;30.1903
0;1;0;30.1903
0;1;0;30.1903
-0.2;1;0;30.17991
0;1;0;30.18971
0;1;0;30.19024
0;1;0;30.19027
0;1;0;30.19028
0;1;0;30.1903
0;1;0;30.19028
0;1;0;30.1903
-0.1;1;0;30.18771
-0.3;1;0;30.16927
0;1;0;30.1899
0;1;0;30.19008
0;1;0;30.19018
0;1;0;30.19029
0;1;0;30.1903
0;1;0;30.19029
0;1;0;30.1903
0;1;0;30.1903
0;1;0;30.19029
0;1;0;30.1903
0;1;0;30.1903
0;1;0;30.1903
0;1;0;30.19029
0;1;0;30.19029
0;1;0;30.19031
-0.15;1;0;30.18422
0;1;0;30.18968
0;1;0;30.19024
0;1;0;30.19028
0;1;0;30.1903
0;1;0;30.1903
-0.1;1;0;30.1878
-0.3;1;0;30.16944
0;1;0;30.18884
0;1;0;30.19009
0;1;0;30.19023
0;1;0;30.19031
0;1;0;30.1903
0;1;0;30.19029
0;1;0;30.1903
0;1;0;30.19029
-0.15;1;0;30.18426
0;1;0;30.19034
0;1;0;30.19027
0;1;0;30.19029
0;1;0;30.19029
0;1;0;30.19031
0;1;0;30.19029
0;1;0;30.19031
0;1;0;30.19029
0;1;0;30.19028
0;1;0;30.1903
0;1;0;30.1903
0;1;0;30.1903
0;1;0;30.1903
0;1;0;30.1903
-0.1;1;0;30.18766
0;1;0;30.18993
0;1;0;30.19029
0;1;0;30.19031
0;1;0;30.19029
0;1;0;30.1903
0;1;0;30.1903
0;1;0;30.19029
0;1;0;30.19031
0;1;0;30.19032
0;1;0;30.19023
0;1;0;30.19029
-0.15;1;0;30.18423
0;1;0;30.18965
0;1;0;30.19023
0;1;0;30.19028
0;1;0;30.1903
0;1;0;30.19031
0;1;0;30.19031
0;1;0;30.19029
-0.2;1;0;30.1799
0;1;0;30.18969
0;1;0;30.19024
0;1;0;30.19029
0;1;0;30.19029
-0.1;1;0;30.18789
0;1;0;30.18609
0;1;0;30.19015
0;1;0;30.19022
0;1;0;30.19029
0;1;0;30.19038
0;1;0;30.19029
0;1;0;30.19031
0;1;0;30.19026
0;1;0;30.19031
0;1;0;30.19032
0;1;0;30.19031
0;1;0;30.1903
0;1;0;30.19031
0;1;0;30.19029
0;1;0;30.19028
0;1;0;30.19031
0;1;0;30.19029
0;1;0;30.19031
0;1;0;30.1903
0;1;0;30.19029
0;1;0;30.19031
0;1;0;30.1903
-0.15;1;0;30.18423
0;1;0;30.18451
0;1;0;30.18985
0;1;0;30.19016
0;1;0;30.19027
0;1;0;30.19024
0;1;0;30.19029
0;1;0;30.1903
0;1;0;30.19031
0;1;0;30.1903
0;1;0;30.19029
0;1;0;30.19029
0;1;0;30.19029
-0.05;1;0;30.18971
-0.25;1;0;30.17473
0;1;0;30.19078
0;1;0;30.19003
0;1;0;30.19021
0;1;0;30.19029
0;1;0;30.19028
0;1;0;30.19032
0;1;0;30.19028
0;1;0;30.19025
0;1;0;30.1903
0;1;0;30.1903
0;1;0;30.19036
0;1;0;30.19028
0;1;0;30.19026
0;1;0;30.19029
0;1;0;30.19028
0;1;0;30.1903
0;1;0;30.19029
0;1;0;30.19031
0;1;0;30.19033
0;1;0;30.19029
0;1;0;30.19033
0;1;0;30.19029
0;1;0;30.19031
0;1;0;30.1903
0;1;0;30.19029
0;1;0;30.19032
0;1;0;30.1903
0;1;0;30.19049
0;1;0;30.19029
0;1;0;30.19027
0;1;0;30.19027
0;1;0;30.1903
0;1;0;30.19028
0;1;0;30.19031
-0.05;1;0;30.18973
-0.2;1;0;30.17981
0;1;0;30.19027
0;1;0;30.19023
0;1;0;30.1903
0;1;0;30.19029
0;1;0;30.1903
0;1;0;30.19027
-0.15;1;0;30.18429
0;1;0;30.18602
0;1;0;30.19002
0;1;0;30.19026
0;1;0;30.19031
0;1;0;30.19047
0;1;0;30.19029
0;1;0;30.19032
0;1;0;30.19037
-0.05;1;0;30.18968
-0.25;1;0;30.17478
0;1;0;30.18933
0;1;0;30.1902
0;1;0;30.19025
0;1;0;30.19029
0;1;0;30.19028
-0.15;1;0;30.18449
-0.3;1;0;30.16951
0;1;0;30.18826
0;1;0;30.18987
0;1;0;30.19017
0;1;0;30.19025
0;1;0;30.19028
0;1;0;30.1903
0.05;1;0;30.1897
0;1;0;30.19091
0;1;0;30.1902
0;1;0;30.19028
0;1;0;30.19027
0;1;0;30.19032
0;1;0;30.19028
0;1;0;30.19029
0;1;0;30.19028
0;1;0;30.19031
0;1;0;30.1903
0;1;0;30.1903
0;1;0;30.1903
0;1;0;30.19028
0;1;0;30.19033
0;1;0;30.19028
0;1;0;30.19031
0;1;0;30.19031
0;1;0;30.19029
0;1;0;30.19029
0;1;0;30.19051
0;1;0;30.19028
0;1;0;30.1903
0;1;0;30.19035
0;1;0;30.19028
0;1;0;30.1903
0;1;0;30.19031
0;1;0;30.19032
0;1;0;30.19032
0;1;0;30.19028
0;1;0;30.19029
-0.1;1;0;30.18766
0;1;0;30.19037
0;1;0;30.19028
0;1;0;30.1903
0;1;0;30.19029
-0.15;1;0;30.18437
0;1;0;30.19098
0;1;0;30.18999
0;1;0;30.19038
0;1;0;30.19027
0;1;0;30.19028
0;1;0;30.19052
-0.1;1;0;30.18778
0;1;0;30.1873
0;1;0;30.19017
0;1;0;30.19031
0;1;0;30.19029
0;1;0;30.1903
0;1;0;30.19027
0;1;0;30.19029
0;1;0;30.19029
0;1;0;30.19031
0;1;0;30.19032
0;1;0;30.19029
-0.15;1;0;30.18424
0;1;0;30.19104
0;1;0;30.18985
0;1;0;30.19023
0;1;0;30.19029
0;1;0;30.19031
-0.05;1;0;30.18979
-0.2;1;0;30.18009
0;1;0;30.18972
0;1;0;30.19024
0;1;0;30.19028
0;1;0;30.19031
0;1;0;30.19033
0;1;0;30.1903
-0.15;1;0;30.18428
0;1;0;30.19103
0;1;0;30.19023
0;1;0;30.19027
0;1;0;30.1903
0;1;0;30.1903
0;1;0;30.19059
0;1;0;30.19029
-0.15;1;0;30.18427
0;1;0;30.18615
0;1;0;30.18996
0;1;0;30.1902
0;1;0;30.19025
-0.15;1;0;30.1849
0;1;0;30.18479
0;1;0;30.18986
0;1;0;30.19016
0;1;0;30.19029
0;1;0;30.19029
-0.1;1;0;30.18802
-0.3;1;0;30.16971
0;1;0;30.18995
0;1;0;30.19007
0;1;0;30.19021
0;1;0;30.1903
-0.1;1;0;30.18802
-0.3;1;0;30.16974
0;1;0;30.18886
0;1;0;30.19014
0;1;0;30.1902
0;1;0;30.19028
0;1;0;30.19032
-0.1;1;0;30.18789
-0.25;1;0;30.17502
0;1;0;30.18888
0;1;0;30.19007
0;1;0;30.19021
0;1;0;30.19029
0;1;0;30.19027
0;1;0;30.19023
0;1;0;30.1903
0;1;0;30.1903
0;1;0;30.19027
0;1;0;30.19027
0;1;0;30.19032
0;1;0;30.19028
0;1;0;30.19029
0;1;0;30.19032
0;1;0;30.19027
0;1;0;30.19029
0;1;0;30.19031
0;1;0;30.19027
0;1;0;30.1903
-0.05;1;0;30.18972
-0.25;1;0;30.17456
0;1;0;30.18934
0;1;0;30.19017
0;1;0;30.19044
0;1;0;30.19028
-0.2;1;0;30.18046
0;1;0;30.18475
0;1;0;30.18984
0;1;0;30.19019
0;1;0;30.19029
-0.1;1;0;30.18811
-0.25;1;0;30.17546
0;1;0;30.19011
0;1;0;30.1902
0;1;0;30.19003
0;1;0;30.19029
-0.2;1;0;30.18032
0;1;0;30.18512
0;1;0;30.18983
0;1;0;30.19017
-0.1;1;0;30.18855
-0.25;1;0;30.1761
0;1;0;30.18888
0;1;0;30.19001
0;1;0;30.19024
-0.05;1;0;30.18995
-0.2;1;0;30.18078
-0.4;1;0;30.15868
0;1;0;30.1875
0;1;0;30.1898
0;1;0;30.19052
-0.1;1;0;30.18879
0;1;0;30.18659
0;1;0;30.19006
0;1;0;30.19028
0;1;0;30.19025
-0.05;1;0;30.18984
-0.2;1;0;30.18037
-0.4;1;0;30.15794
0;1;0;30.18731
0;1;0;30.18982
0;1;0;30.19017
0;1;0;30.19017
0;1;0;30.19031
0;1;0;30.19027
0;1;0;30.19024
-0.1;1;0;30.18774
-0.25;1;0;30.17478
-0.45;1;0;30.15148
0;1;0;30.18657
0;1;0;30.18953
0;1;0;30.19011
0;1;0;30.19022
0;1;0;30.1903
-0.1;1;0;30.18803
-0.3;1;0;30.16988
0;1;0;30.18895
0;1;0;30.19007
0;1;0;30.19024
0;1;0;30.19027
0;1;0;30.19027
-0.15;1;0;30.18445
-0.35;1;0;30.16376
0;1;0;30.17947
0;1;0;30.18865
0;1;0;30.18986
-0.05;1;0;30.1901
-0.2;1;0;30.18182
-0.4;1;0;30.15919
0;1;0;30.18766
0;1;0;30.18968
0;1;0;30.19021
-0.15;1;0;30.18582
-0.35;1;0;30.1653
-0.5000001;1;0;30.14663
0;1;0;30.17122
0;1;0;30.1839
0;1;0;30.18861
0;1;0;30.19006
0;1;0;30.19023
0;1;0;30.19027
0;1;0;30.19028
-0.05;1;0;30.18968
-0.2;1;0;30.18003
0;1;0;30.18484
0;1;0;30.1899
0;1;0;30.19017
0;1;0;30.19026
0;1;0;30.19028
-0.15;1;0;30.18464
-0.3;1;0;30.16963
-0.5000001;1;0;30.14562
0;1;0;30.18542
0;1;0;30.18902
0;1;0;30.19001
0;1;0;30.19026
-0.2;1;0;30.18145
-0.35;1;0;30.16496
0;1;0;30.18741
0;1;0;30.1889
0;1;0;30.19008
0;1;0;30.19047
-0.05;1;0;30.18996
-0.2;1;0;30.18081
-0.4;1;0;30.15837
0;1;0;30.18762
0;1;0;30.18966
0;1;0;30.19021
0;1;0;30.19026
-0.1;1;0;30.18829
-0.25;1;0;30.17556
0;1;0;30.18889
0;1;0;30.19003
0;1;0;30.19046
-0.1;1;0;30.18847
-0.3;1;0;30.17032
0;1;0;30.18159
0;1;0;30.18925
0;1;0;30.19001
0;1;0;30.19028
0;1;0;30.19036
-0.15;1;0;30.18506
-0.35;1;0;30.16422
0;1;0;30.18899
0;1;0;30.18974
0;1;0;30.19011
0;1;0;30.19028
0;1;0;30.19025
0;1;0;30.19032
-0.15;1;0;30.18455
-0.35;1;0;30.16375
0;1;0;30.18902
0;1;0;30.18926
0;1;0;30.1901
0;1;0;30.18985
0;1;0;30.19031
0;1;0;30.19031
0;1;0;30.19028
0;1;0;30.19029
0;1;0;30.19031
-0.2;1;0;30.17988
0;1;0;30.18458
0;1;0;30.18959
0;1;0;30.19017
0;1;0;30.19025
0;1;0;30.19011
0;1;0;30.19029
0;1;0;30.19028
0;1;0;30.1903
-0.2;1;0;30.17991
0;1;0;30.18464
0;1;0;30.18985
0;1;0;30.19012
0;1;0;30.19034
0;1;0;30.19031
0;1;0;30.1903
0;1;0;30.19008
0;1;0;30.19029
0;1;0;30.19029
0;1;0;30.1903
0;1;0;30.19032
-0.1;1;0;30.18768
-0.25;1;0;30.17472
0;1;0;30.19014
0;1;0;30.19016
0;1;0;30.19029
0;1;0;30.1903
0;1;0;30.19028
-0.15;1;0;30.18443
-0.35;1;0;30.16371
0;1;0;30.18824
0;1;0;30.18996
0;1;0;30.19024
0;1;0;30.19025
0;1;0;30.19032
0;1;0;30.19029
-0.2;1;0;30.1801
-0.35;1;0;30.16374
0;1;0;30.18961
0;1;0;30.18998
0;1;0;30.19029
0;1;0;30.19028
0;1;0;30.1903
0;1;0;30.19033
0;1;0;30.1903
0;1;0;30.19028
0;1;0;30.1903
0;1;0;30.1903
0;1;0;30.1903
0;1;0;30.19013
0;1;0;30.1903
0;1;0;30.19028
0;1;0;30.19035
0;1;0;30.19033
0;1;0;30.19029
0;1;0;30.1903
0;1;0;30.19028
0;1;0;30.19029
0;1;0;30.1903
0;1;0;30.1903
-0.05;1;0;30.18976
-0.2;1;0;30.17984
0;1;0;30.19029
0;1;0;30.19022
0;1;0;30.19027
0;1;0;30.19031
0;1;0;30.19029
-0.2;1;0;30.18007
0;1;0;30.18462
0;1;0;30.1898
0;1;0;30.19019
0;1;0;30.19027
0;1;0;30.1903
0;1;0;30.19031
0;1;0;30.19031
0;1;0;30.19028
0;1;0;30.19029
0;1;0;30.19029
0;1;0;30.19031
0;1;0;30.19031
0;1;0;30.19027
-0.1;1;0;30.18769
0;1;0;30.18721
0;1;0;30.19012
0;1;0;30.19025
0;1;0;30.3489
0;1;0;30.20651
0;1;0;30.18428
0;1;0;30.33896
0;1;0;30.16973
0;1;0;30.18813
0;1;0;30.1893
0;1;0;30.18973
0;1;0;30.1899
0;1;0;30.1899
-0.1;1;0;30.18734
0;1;0;30.18955
0;1;0;30.18987
0;1;0;30.18989
0;1;0;30.18988
0;1;0;30.18988
0;1;0;30.18989
0;1;0;30.18991
0;1;0;30.18989
0;1;0;30.1899
0;1;0;30.1899
0;1;0;30.18989
0;1;0;30.18987
0;1;0;30.1899
0;1;0;30.18991
0;1;0;30.18989
0;1;0;30.18989
-0.05;1;0;30.18936
-0.2;1;0;30.17959
0;1;0;30.18988
0;1;0;30.18984
0;1;0;30.18992
0;1;0;30.18991
0;1;0;30.18992
0;1;0;30.18992
0;1;0;30.18993
0;1;0;30.18993
0;1;0;30.18995
0;1;0;30.18994
0;1;0;30.1899
0;1;0;30.18993
0;1;0;30.18994
0;1;0;30.18993
0;1;0;30.18993
0;1;0;30.18991
0;1;0;30.18994
0;1;0;30.18994
0;1;0;30.18993
0;1;0;30.18992
0;1;0;30.18993
0;1;0;30.18996
0;1;0;30.18991
0;1;0;30.18994
0;1;0;30.18994
0;1;0;30.18995
0;1;0;30.18993
0;1;0;30.18993
0;1;0;30.18993
0;1;0;30.18993
0;1;0;30.18994
0;1;0;30.18994
0;1;0;30.18991
0;1;0;30.18994
0;1;0;30.18995
0;1;0;30.18994
0;1;0;30.18994
0;1;0;30.18993
0;1;0;30.18993
0;1;0;30.18995
0;1;0;30.18993
0;1;0;30.18992
0;1;0;30.18892
0;1;0;30.18995
0;1;0;30.18995
0;1;0;30.18995
0;1;0;30.18996
0;1;0;30.18995
0;1;0;30.18995
0;1;0;30.18996
0;1;0;30.18993
0;1;0;30.18995
0;1;0;30.18993
0;1;0;30.18995
0;1;0;30.18993
0;1;0;30.18995
0;1;0;30.18994
-0.1;1;0;30.18739
0;1;0;30.19065
0;1;0;30.18977
0;1;0;30.18994
0;1;0;30.18994
0;1;0;30.18999
0;1;0;30.18998
0;1;0;30.18998
0;1;0;30.18998
0;1;0;30.19
0;1;0;30.18999
0;1;0;30.18997
0;1;0;30.18997
0;1;0;30.18999
0;1;0;30.18999
0;1;0;30.18998
0;1;0;30.18999
0;1;0;30.18997
0;1;0;30.18999
0;1;0;30.18998
0;1;0;30.18998
-0.15;1;0;30.18402
0;1;0;30.18562
0;1;0;30.18968
0;1;0;30.18996
0;1;0;30.19002
0;1;0;30.19001
0;1;0;30.19004
0;1;0;30.19003
0;1;0;30.19004
0;1;0;30.06317
0;1;0;30.53683
0;1;0;30.04327
0;1;0;30.11173
-0.1;1;0;30.59497
-0.25;1;0;30.08545
0;1;0;30.18593
0;1;0;30.18968
0;1;0;30.19061
0;1;0;30.1906
0;1;0;30.19043
0;1;0;30.19036
0;1;0;30.19033
0;1;0;30.19029
0;1;0;30.1903
0;1;0;30.19029
0;1;0;30.1903
0;1;0;30.1903
-0.05;1;0;30.18968
-0.2;1;0;30.17983
0;1;0;30.19029
0;1;0;30.19019
0;1;0;30.1903
0;1;0;30.1903
-0.1;1;0;30.18786
-0.25;1;0;30.17502
0;1;0;30.19067
0;1;0;30.19013
0;1;0;30.19018
0;1;0;30.19027
0;1;0;30.19022
0;1;0;30.19028
0;1;0;30.1903
0;1;0;30.19029
-0.15;1;0;30.18428
0;1;0;30.18594
0;1;0;30.19
0;1;0;30.19024
0;1;0;30.19012
0;1;0;30.19029
0;1;0;30.19027
-0.15;1;0;30.18443
0;1;0;30.18468
0;1;0;30.18972
0;1;0;30.19015
-0.1;1;0;30.18868
-0.3;1;0;30.17074
-0.45;1;0;30.15265
0;1;0;30.18826
0;1;0;30.18931
-0.05;1;0;30.19008
-0.2;1;0;30.18216
-0.4;1;0;30.15935
0;1;0;30.17801
0;1;0;30.18837
0;1;0;30.18955
-0.15;1;0;30.18683
-0.3;1;0;30.1724
-0.5000001;1;0;30.14768
0;1;0;30.17385
0;1;0;30.18702
0;1;0;30.18926
-0.15;1;0;30.18755
-0.3;1;0;30.17327
0;1;0;30.18072
0;1;0;30.18817
0;1;0;30.19
-0.15;1;0;30.18697
-0.35;1;0;30.16616
-0.5000001;1;0;30.14757
-0.7;1;0;30.12305
0;1;0;30.16425
0;1;0;30.18264
0;1;0;30.18846
0;1;0;30.18979
-0.1;1;0;30.1897
-0.25;1;0;30.17776
-0.4;1;0;30.15993
-0.6000001;1;0;30.13461
0;1;0;30.18525
0;1;0;30.18902
-0.1;1;0;30.1901
-0.25;1;0;30.17923
-0.45;1;0;30.1546
0;1;0;30.18521
0;1;0;30.1891
0;1;0;30.18974
-0.2;1;0;30.18297
-0.4;1;0;30.15991
-0.5500001;1;0;30.14113
0;1;0;30.16897
0;1;0;30.18527
0;1;0;30.18959
-0.1;1;0;30.19014
-0.3;1;0;30.17337
-0.5000001;1;0;30.14809
0;1;0;30.18321
0;1;0;30.1888
0;1;0;30.18994
-0.05;1;0;30.1901
-0.25;1;0;30.17684
-0.4;1;0;30.1592
0;1;0;30.18689
0;1;0;30.18977
-0.15;1;0;30.18731
-0.35;1;0;30.16699
0;1;0;30.18793
0;1;0;30.18929
0;1;0;30.19014
0;1;0;30.19005
-0.2;1;0;30.18123
0;1;0;30.19044
0;1;0;30.18976
0;1;0;30.19024
0;1;0;30.19028
0;1;0;30.19025
0;1;0;30.19029
0;1;0;30.19028
-0.05;1;0;30.18954
0;1;0;30.1873
0;1;0;30.19031
0;1;0;30.19032
0;1;0;30.19028
0;1;0;30.19026
-0.1;1;0;30.18785
-0.3;1;0;30.1695
0;1;0;30.18885
0;1;0;30.19003
0;1;0;30.19028
0;1;0;30.19029
0;1;0;30.19029
0;1;0;30.19028
0;1;0;30.1903
0;1;0;30.19031
0;1;0;30.19028
0;1;0;30.1903
0;1;0;30.19031
0;1;0;30.19029
0;1;0;30.19033
0;1;0;30.19029
0;1;0;30.19031
0;1;0;30.19029
0;1;0;30.1903
0;1;0;30.19029
0;1;0;30.19031
0;1;0;30.19032
0;1;0;30.19025
0;1;0;30.1903
0;1;0;30.19032
-0.15;1;0;30.18422
0;1;0;30.18966
0;1;0;30.19023
0;1;0;30.19027
0;1;0;30.19029
0;1;0;30.19031
0;1;0;30.19027
0;1;0;30.1903
0;1;0;30.19031
0;1;0;30.19031
0;1;0;30.19025
0;1;0;30.1903
0;1;0;30.19027
0;1;0;30.19032
0;1;0;30.1903
0;1;0;30.19029
0;1;0;30.19032
0;1;0;30.1903
0;1;0;30.19031
0;1;0;30.19029
0;1;0;30.19029
0;1;0;30.1903
0;1;0;30.19028
0;1;0;30.19031
0;1;0;30.1903
0;1;0;30.1903
0;1;0;30.19029
0;1;0;30.19036
0;1;0;30.19027
0;1;0;30.19028
0;1;0;30.19025
0;1;0;30.19029
0;1;0;30.19031
0;1;0;30.19031
0;1;0;30.1903
0;1;0;30.19065
0.15;1;0;30.18425
0.3;1;0;30.1693
0;1;0;30.19013
0;1;0;30.18982
0;1;0;30.19014
0;1;0;30.19027
0;1;0;30.19029
0.2;1;0;30.18025
0.35;1;0;30.16404
0;1;0;30.18825
0.1;1;0;30.19002
0.25;1;0;30.17845
0;1;0;30.18213
0;1;0;30.18876
0.1;1;0;30.19053
0.25;1;0;30.1788
0;1;0;30.18237
0;1;0;30.18936
0.05;1;0;30.19017
0.25;1;0;30.17882
0.4;1;0;30.161
0.6000001;1;0;30.13516
0;1;0;30.17705
0;1;0;30.18753
0.1;1;0;30.19091
0.3;1;0;30.17558
0.45;1;0;30.1565
0;1;0;30.17486
0;1;0;30.18518
0.15;1;0;30.18952
0.3;1;0;30.17604
0.5000001;1;0;30.15016
0.6500001;1;0;30.13033
0;1;0;30.17874
0;1;0;30.18712
0.15;1;0;30.19066
0;1;0;30.18717
0;1;0;30.18946
0.1;1;0;30.18961
0.25;1;0;30.17807
0.4;1;0;30.16021
0.6000001;1;0;30.13463
0.7500002;1;0;30.1158
0.9500002;1;0;30.09753
0;1;0;30.17234
0;1;0;30.18404
0.1;1;0;30.19225
0.25;1;0;30.18467
0.45;1;0;30.15896
0.6000001;1;0;30.13843
0;1;0;30.18202
0;1;0;30.18729
0;1;0;30.18997
0;1;0;30.19024
0.1;1;0;30.1883
0.25;1;0;30.1763
0;1;0;30.19055
0;1;0;30.19011
0;1;0;30.19026
0;1;0;30.19031
0;1;0;30.1903
0.2;1;0;30.18039
0;1;0;30.19105
0;1;0;30.19007
0;1;0;30.19027
0;1;0;30.19028
0;1;0;30.19036
0;1;0;30.19039
0;1;0;30.19031
0.1;1;0;30.18774
0.25;1;0;30.17473
0;1;0;30.19016
0;1;0;30.19018
0;1;0;30.19028
0;1;0;30.19029
0;1;0;30.19013
0;1;0;30.19031
0;1;0;30.1903
0.15;1;0;30.1843
0.3;1;0;30.16933
0;1;0;30.1899
0;1;0;30.19009
0;1;0;30.19028
0;1;0;30.19028
-0.05;1;0;30.18963
0;1;0;30.18698
0;1;0;30.1903
0;1;0;30.19022
0;1;0;30.19027
0;1;0;30.19029
0;1;0;30.19029
0;1;0;30.19032
0;1;0;30.1903
0;1;0;30.19032
0;1;0;30.19028
0;1;0;30.19032
0;1;0;30.19029
0;1;0;30.1903
0;1;0;30.19031
0;1;0;30.1903
0;1;0;30.19029
0;1;0;30.19029
0;1;0;30.19031
0;1;0;30.19034
0;1;0;30.19029
0;1;0;30.19031
0;1;0;30.19031
0;1;0;30.19028
0;1;0;30.19028
-0.05;1;0;30.18971
0;1;0;30.18834
0;1;0;30.1902
0;1;0;30.19025
0;1;0;30.19029
0;1;0;30.19029
0;1;0;30.19024
0;1;0;30.19031
0;1;0;30.19028
0;1;0;30.1903
0;1;0;30.19029
0;1;0;30.19028
0;1;0;30.19029
0;1;0;30.19027
0;1;0;30.1903
0;1;0;30.19031
-0.15;1;0;30.18422
0;1;0;30.19034
0;1;0;30.19021
0;1;0;30.19029
-0.1;1;0;30.18789
-0.3;1;0;30.16961
0;1;0;30.18999
0;1;0;30.18952
0;1;0;30.19015
0;1;0;30.19049
-0.1;1;0;30.18836
-0.3;1;0;30.17024
0;1;0;30.18989
0;1;0;30.18989
0;1;0;30.19021
-0.05;1;0;30.18982
-0.2;1;0;30.18106
0;1;0;30.18345
0;1;0;30.1896
0;1;0;30.1901
0;1;0;30.19025
-0.15;1;0;30.18545
-0.35;1;0;30.16472
0;1;0;30.17958
0;1;0;30.18878
0;1;0;30.18987
0;1;0;30.19035
-0.15;1;0;30.18566
-0.3;1;0;30.17083
0;1;0;30.18989
0;1;0;30.19013
0;1;0;30.19073
-0.05;1;0;30.18984
-0.25;1;0;30.17554
-0.4;1;0;30.15766
0;1;0;30.17531
0;1;0;30.18651
0;1;0;30.1892
-0.1;1;0;30.18983
-0.25;1;0;30.17825
0;1;0;30.18899
0;1;0;30.19002
-0.1;1;0;30.18888
-0.25;1;0;30.17674
-0.45;1;0;30.15298
0;1;0;30.17578
0;1;0;30.18717
0;1;0;30.18961
-0.05;1;0;30.19018
-0.2;1;0;30.18287
-0.4;1;0;30.15968
-0.5500001;1;0;30.1408
0;1;0;30.18314
0;1;0;30.18852
-0.1;1;0;30.19037
-0.25;1;0;30.17956
-0.45;1;0;30.15512
0;1;0;30.18681
0;1;0;30.1894
-0.15;1;0;30.1875
-0.3;1;0;30.1725
-0.5000001;1;0;30.14793
0;1;0;30.17404
0;1;0;30.18721
0;1;0;30.18986
-0.2;1;0;30.18388
-0.35;1;0;30.1672
-0.5500001;1;0;30.14167
0;1;0;30.17802
0;1;0;30.18647
0;1;0;30.18928
-0.15;1;0;30.18753
-0.3;1;0;30.17369
0;1;0;30.18851
0;1;0;30.19006
0;1;0;30.19027
-0.15;1;0;30.18547
-0.3;1;0;30.17041
-0.5000001;1;0;30.14626
-0.6500001;1;0;30.12761
0;1;0;30.18315
0;1;0;30.18863
0;1;0;30.19005
0;1;0;30.19023
-0.2;1;0;30.1817
-0.35;1;0;30.16514
0;1;0;30.18779
0;1;0;30.18962
0;1;0;30.19024
0;1;0;30.19032
-0.15;1;0;30.18435
-0.3;1;0;30.17017
0;1;0;30.18174
0;1;0;30.18928
0;1;0;30.19001
0;1;0;30.19026
0;1;0;30.1903
-0.1;1;0;30.18815
-0.3;1;0;30.1702
-0.45;1;0;30.15183
0;1;0;30.18845
0;1;0;30.19003
0;1;0;30.19023
-0.1;1;0;30.18878
-0.3;1;0;30.17085
-0.45;1;0;30.15268
0;1;0;30.18568
0;1;0;30.18906
0;1;0;30.19007
0;1;0;30.19024
0;1;0;30.18966
0;1;0;30.19032
0;1;0;30.19029
0;1;0;30.19065
0;1;0;30.19034
0;1;0;30.19028
0;1;0;30.19031
0;1;0;30.19031
0;1;0;30.1903
0;1;0;30.19027
-0.05;1;0;30.18971
-0.2;1;0;30.17981
0;1;0;30.19076
0;1;0;30.18947
0;1;0;30.19019
0;1;0;30.19026
-0.1;1;0;30.18807
-0.3;1;0;30.17009
0;1;0;30.18989
0;1;0;30.18983
0;1;0;30.19016
0;1;0;30.1903
0;1;0;30.19031
-0.2;1;0;30.18046
-0.35;1;0;30.16398
0;1;0;30.18954
0;1;0;30.19013
0;1;0;30.19027
-0.15;1;0;30.18545
-0.35;1;0;30.16442
0;1;0;30.18883
0;1;0;30.18967
0;1;0;30.19012
0;1;0;30.19023
-0.15;1;0;30.18527
0;1;0;30.18506
0;1;0;30.18988
0;1;0;30.19019
0;1;0;30.19027
-0.1;1;0;30.1882
-0.25;1;0;30.17519
0;1;0;30.18156
0;1;0;30.18904
0;1;0;30.18987
0;1;0;30.19024
-0.1;1;0;30.18849
-0.25;1;0;30.176
0;1;0;30.18174
0;1;0;30.18903
0;1;0;30.19001
0;1;0;30.19021
0;1;0;30.1903
0;1;0;30.19027
0;1;0;30.1903
-0.05;1;0;30.18944
-0.2;1;0;30.17996
0;1;0;30.18934
0;1;0;30.19073
0;1;0;30.1903
0;1;0;30.19031
0;1;0;30.19029
-0.05;1;0;30.18976
-0.25;1;0;30.17499
0;1;0;30.18305
0;1;0;30.18956
0;1;0;30.19009
0;1;0;30.19028
0;1;0;30.19029
-0.1;1;0;30.18802
-0.25;1;0;30.17544
0;1;0;30.19003
0;1;0;30.18957
0;1;0;30.19027
0;1;0;30.1903
0;1;0;30.19033
-0.1;1;0;30.18796
-0.25;1;0;30.17517
0;1;0;30.19004
0;1;0;30.1899
0;1;0;30.19018
0;1;0;30.19023
0;1;0;30.19027
-0.15;1;0;30.18476
0;1;0;30.18485
0;1;0;30.18998
0;1;0;30.19019
0;1;0;30.19027
0;1;0;30.1904
0;1;0;30.19032
-0.15;1;0;30.18448
-0.3;1;0;30.16954
0;1;0;30.18993
0;1;0;30.19009
0;1;0;30.19027
0;1;0;30.19031
0;1;0;30.19031
0;1;0;30.19031
0;1;0;30.19028
0;1;0;30.19033
0;1;0;30.19031
-0.2;1;0;30.17997
0;1;0;30.1903
0;1;0;30.19023
0;1;0;30.19031
0;1;0;30.19031
0;1;0;30.19029
0;1;0;30.19031
-0.1;1;0;30.18773
0;1;0;30.18727
0;1;0;30.19029
0;1;0;30.19029
0;1;0;30.19028
0;1;0;30.1903
-0.15;1;0;30.18451
0;1;0;30.18466
0;1;0;30.18988
0;1;0;30.19022
0;1;0;30.19027
-0.05;1;0;30.18988
0;1;0;30.18736
0;1;0;30.19027
0;1;0;30.19028
0;1;0;30.19029
0;1;0;30.1903
0;1;0;30.19028
0;1;0;30.19028
-0.1;1;0;30.18773
0;1;0;30.18601
0;1;0;30.19016
0;1;0;30.19022
0;1;0;30.1903
0;1;0;30.19028
0;1;0;30.1903
-0.1;1;0;30.18781
0;1;0;30.18608
0;1;0;30.19016
0;1;0;30.19032
0;1;0;30.1903
0;1;0;30.19031
0;1;0;30.19031
0;1;0;30.19029
-0.05;1;0;30.18974
-0.2;1;0;30.1799
0;1;0;30.18936
0;1;0;30.19017
0;1;0;30.19026
0;1;0;30.19029
0;1;0;30.19031
0;1;0;30.1903
0;1;0;30.19029
0;1;0;30.19029
-0.2;1;0;30.17985
0;1;0;30.18969
0;1;0;30.19022
0;1;0;30.19032
0;1;0;30.19031
0;1;0;30.1903
-0.15;1;0;30.18441
-0.35;1;0;30.16362
0;1;0;30.18822
0;1;0;30.18998
0;1;0;30.19023
0;1;0;30.19029
0;1;0;30.19031
0;1;0;30.1903
0;1;0;30.19029
0;1;0;30.19031
0;1;0;30.19029
0;1;0;30.19029
0;1;0;30.19031
0;1;0;30.19029
0;1;0;30.1903
0;1;0;30.19029
0;1;0;30.19029
0;1;0;30.19031
0;1;0;30.1903
0;1;0;30.1903
0;1;0;30.1903
0;1;0;30.19029
0;1;0;30.19031
0;1;0;30.19028
0;1;0;30.19028
0;1;0;30.19031
-0.15;1;0;30.18423
0;1;0;30.18448
0;1;0;30.1899
0;1;0;30.19016
0;1;0;30.19026
0;1;0;30.19029
-0.1;1;0;30.18807
0;1;0;30.18616
0;1;0;30.19014
0;1;0;30.19023
0;1;0;30.19027
0;1;0;30.19031
0;1;0;30.19031
0;1;0;30.19029
0;1;0;30.1903
0;1;0;30.1903
0;1;0;30.19029
0;1;0;30.1903
0;1;0;30.19031
0;1;0;30.1903
0;1;0;30.19031
0;1;0;30.19029
0;1;0;30.1903
0;1;0;30.1903
0;1;0;30.19031
0;1;0;30.19024
0;1;0;30.1903
0;1;0;30.1903
0;1;0;30.19032
0;1;0;30.1903
0;1;0;30.19028
0;1;0;30.19031
0;1;0;30.19031
0;1;0;30.1903
0;1;0;29.03967